試合日時（時刻含む）,Season,Kind,Week,Day,GameNumber,主審,後攻チーム,先攻チーム,プレイの番号,回,表/裏,,,,,out,,イニング継続,試合継続,一走打順,一走氏名,二走打順,二走氏名,三走打順,三走氏名,打順,打者氏名,打席左右,作戦,作戦２,作戦結果,投手氏名,投手左右,球数,捕手,一走状況,二走状況,三走状況,打者状況,プレイの種類,構え,コースX,コースY,球種,打撃結果,打撃結果２,捕球選手,打球タイプ,打球強度,打球位置X,打球位置Y,牽制の種類,牽制詳細,エラーの種類,タイムの種類,球速,1番守備,1番氏名,2番守備,2番氏名,3番守備,3番氏名,4番守備,4番氏名,5番守備,5番氏名,6番守備,6番氏名,7番守備,7番氏名,8番守備,8番氏名,9番守備,9番氏名,投手氏名,1番守備,1番氏名,2番守備,2番氏名,3番守備,3番氏名,4番守備,4番氏名,5番守備,5番氏名,6番守備,6番氏名,7番守備,7番氏名,8番守備,8番氏名,9番守備,9番氏名,投手氏名,1番○打,1番タイプ,2番○打,2番タイプ,3番○打,3番タイプ,4番○打,4番タイプ,5番○打,5番タイプ,6番○打,6番タイプ,7番○打,7番タイプ,8番○打,8番タイプ,9番○打,9番タイプ,投手○投,投手背番号,1番○打,1番タイプ,2番○打,2番タイプ,3番○打,3番タイプ,4番○打,4番タイプ,5番○打,5番タイプ,6番○打,6番タイプ,7番○打,7番タイプ,8番○打,8番タイプ,9番○打,9番タイプ,投手○投,投手背番号,首振り,1,2,3,4,5,6,7,8,9,10,11,12,13,14,15,1,2,3,4,5,6,7,8,9,10,11,12,13,14,15,球種１,球種２,球種３,球種４,球種１,球種２,球種３,球種４,3,4,5,6,7,8,9,記録者,攻撃チーム,勝利チーム,得点チーム,投球数／打席,タイミング,リアクション,打者タイプ,クイック,牽制の強さ
2018/4/1 10:31,春季,リーグ戦,1,1,1,,桜美林大学,日本体育大学,1,1,表,0,0,0,0,0,打席継続,イニング開始,試合開始,0,0,0,0,0,0,1,上西嵐満,左,0,0,0,土井大輝,右,1,徳田優大,0,0,0,0,投球,17,24.55,239.05,ストレート,ボール,0,0,0,0,0,0,0,0,0,0,0,9,上西嵐満,3,大木惇司,6,船山貴大,4,高垣鋭次,7,有住隆哉,D,中村誠,8,宮木紳道,5,松下雄大,2,馬場龍星,松本航,8,石井雄也,7,井橋俊貴,6,五十嵐雅大,D,中村士朗,9,楢原一帆,4,片岡優斗,3,高橋啓太,5,山本司,2,徳田優大,土井大輝,左,,右,,右,,右,,左,,右,,左,,右,,右,,右,,右,,左,,右,,左,,左,,右,,右,,左,,右,,右,,0,,,,,,,,,,,,,,,,,,,,,,,,,,,,,,,,,,,,,,,高橋啓太,片岡優斗,山本司,五十嵐雅大,井橋俊貴,石井雄也,楢原一帆,,,,,,,,,0,
2018/4/1 10:32,春季,リーグ戦,1,1,1,,桜美林大学,日本体育大学,2,1,表,0,0,0,1,0,打席継続,イニング継続,試合継続,0,0,0,0,0,0,1,上西嵐満,左,0,0,0,土井大輝,右,2,徳田優大,0,0,0,0,投球,17,138,244.25,スライダー,ボール,0,0,0,0,0,0,0,0,0,0,0,9,上西嵐満,3,大木惇司,6,船山貴大,4,高垣鋭次,7,有住隆哉,D,中村誠,8,宮木紳道,5,松下雄大,2,馬場龍星,松本航,8,石井雄也,7,井橋俊貴,6,五十嵐雅大,D,中村士朗,9,楢原一帆,4,片岡優斗,3,高橋啓太,5,山本司,2,徳田優大,土井大輝,左,,右,,右,,右,,左,,右,,左,,右,,右,,右,,右,,左,,右,,左,,左,,右,,右,,左,,右,,右,,0,,,,,,,,,,,,,,,,,,,,,,,,,,,,,,,,,,,,,,,高橋啓太,片岡優斗,山本司,五十嵐雅大,井橋俊貴,石井雄也,楢原一帆,,,,,,,,,0,
2018/4/1 10:32,春季,リーグ戦,1,1,1,,桜美林大学,日本体育大学,3,1,表,0,0,0,2,0,打席継続,イニング継続,試合継続,0,0,0,0,0,0,1,上西嵐満,左,0,0,0,土井大輝,右,3,徳田優大,0,0,0,0,投球,19,51.9,157.35,ストレート,見逃し,0,0,0,0,0,0,0,0,0,0,0,9,上西嵐満,3,大木惇司,6,船山貴大,4,高垣鋭次,7,有住隆哉,D,中村誠,8,宮木紳道,5,松下雄大,2,馬場龍星,松本航,8,石井雄也,7,井橋俊貴,6,五十嵐雅大,D,中村士朗,9,楢原一帆,4,片岡優斗,3,高橋啓太,5,山本司,2,徳田優大,土井大輝,左,,右,,右,,右,,左,,右,,左,,右,,右,,右,,右,,左,,右,,左,,左,,右,,右,,左,,右,,右,,0,,,,,,,,,,,,,,,,,,,,,,,,,,,,,,,,,,,,,,,高橋啓太,片岡優斗,山本司,五十嵐雅大,井橋俊貴,石井雄也,楢原一帆,,,,,,,,,0,
2018/4/1 10:32,春季,リーグ戦,1,1,1,,桜美林大学,日本体育大学,4,1,表,0,0,1,2,0,打席継続,イニング継続,試合継続,0,0,0,0,0,0,1,上西嵐満,左,0,0,0,土井大輝,右,4,徳田優大,0,0,0,0,投球,19,94.95,131.2,ストレート,ファール,0,0,カット,0,120.1,240.2,0,0,0,0,0,9,上西嵐満,3,大木惇司,6,船山貴大,4,高垣鋭次,7,有住隆哉,D,中村誠,8,宮木紳道,5,松下雄大,2,馬場龍星,松本航,8,石井雄也,7,井橋俊貴,6,五十嵐雅大,D,中村士朗,9,楢原一帆,4,片岡優斗,3,高橋啓太,5,山本司,2,徳田優大,土井大輝,左,,右,,右,,右,,左,,右,,左,,右,,右,,右,,右,,左,,右,,左,,左,,右,,右,,左,,右,,右,,0,,,,,,,,,,,,,,,,,,,,,,,,,,,,,,,,,,,,,,,高橋啓太,片岡優斗,山本司,五十嵐雅大,井橋俊貴,石井雄也,楢原一帆,,,,,,,,,0,
2018/4/1 10:33,春季,リーグ戦,1,1,1,,桜美林大学,日本体育大学,5,1,表,0,0,2,2,0,打席継続,イニング継続,試合継続,0,0,0,0,0,0,1,上西嵐満,左,0,0,0,土井大輝,右,5,徳田優大,0,0,0,0,投球,17,107.45,242.65,スライダー,ボール,0,0,0,0,0,0,0,0,0,0,0,9,上西嵐満,3,大木惇司,6,船山貴大,4,高垣鋭次,7,有住隆哉,D,中村誠,8,宮木紳道,5,松下雄大,2,馬場龍星,松本航,8,石井雄也,7,井橋俊貴,6,五十嵐雅大,D,中村士朗,9,楢原一帆,4,片岡優斗,3,高橋啓太,5,山本司,2,徳田優大,土井大輝,左,,右,,右,,右,,左,,右,,左,,右,,右,,右,,右,,左,,右,,左,,左,,右,,右,,左,,右,,右,,0,,,,,,,,,,,,,,,,,,,,,,,,,,,,,,,,,,,,,,,高橋啓太,片岡優斗,山本司,五十嵐雅大,井橋俊貴,石井雄也,楢原一帆,,,,,,,,,0,
2018/4/1 10:33,春季,リーグ戦,1,1,1,,桜美林大学,日本体育大学,6,1,表,0,0,2,3,0,打席完了,イニング継続,試合継続,0,0,0,0,0,0,1,上西嵐満,左,0,0,0,土井大輝,右,6,徳田優大,0,0,0,出塁,投球,17,125.15,90.55,ストレート,単打,0,8,ゴロ,0,130.95,97.2,0,0,0,0,0,9,上西嵐満,3,大木惇司,6,船山貴大,4,高垣鋭次,7,有住隆哉,D,中村誠,8,宮木紳道,5,松下雄大,2,馬場龍星,松本航,8,石井雄也,7,井橋俊貴,6,五十嵐雅大,D,中村士朗,9,楢原一帆,4,片岡優斗,3,高橋啓太,5,山本司,2,徳田優大,土井大輝,左,,右,,右,,右,,左,,右,,左,,右,,右,,右,,右,,左,,右,,左,,左,,右,,右,,左,,右,,右,,0,,,,,,,,,,,,,,,,,,,,,,,,,,,,,,,,,,,,,,,高橋啓太,片岡優斗,山本司,五十嵐雅大,井橋俊貴,石井雄也,楢原一帆,,,,,,,,,0,
2018/4/1 10:33,春季,リーグ戦,1,1,1,,桜美林大学,日本体育大学,7,1,表,0,0,0,0,0,打席継続,イニング継続,試合継続,1,上西嵐満,0,0,0,0,2,大木惇司,右,0,0,0,土井大輝,右,7,徳田優大,継続,0,0,0,牽制,0,0,0,0,0,0,0,0,0,0,0,一塁牽制,ターン,0,0,0,9,上西嵐満,3,大木惇司,6,船山貴大,4,高垣鋭次,7,有住隆哉,D,中村誠,8,宮木紳道,5,松下雄大,2,馬場龍星,松本航,8,石井雄也,7,井橋俊貴,6,五十嵐雅大,D,中村士朗,9,楢原一帆,4,片岡優斗,3,高橋啓太,5,山本司,2,徳田優大,土井大輝,左,,右,,右,,右,,左,,右,,左,,右,,右,,右,,右,,左,,右,,左,,左,,右,,右,,左,,右,,右,,0,,,,,,,,,,,,,,,,,,,,,,,,,,,,,,,,,,,,,,,高橋啓太,片岡優斗,山本司,五十嵐雅大,井橋俊貴,石井雄也,楢原一帆,,,,,,,,,クイック,
2018/4/1 10:34,春季,リーグ戦,1,1,1,,桜美林大学,日本体育大学,8,1,表,0,0,0,0,0,打席継続,イニング継続,試合継続,1,上西嵐満,0,0,0,0,2,大木惇司,右,0,0,0,土井大輝,右,7,徳田優大,継続,0,0,0,投球,19,151.7,35.4,ストレート,ボール,0,0,0,0,0,0,0,0,0,0,0,9,上西嵐満,3,大木惇司,6,船山貴大,4,高垣鋭次,7,有住隆哉,D,中村誠,8,宮木紳道,5,松下雄大,2,馬場龍星,松本航,8,石井雄也,7,井橋俊貴,6,五十嵐雅大,D,中村士朗,9,楢原一帆,4,片岡優斗,3,高橋啓太,5,山本司,2,徳田優大,土井大輝,左,,右,,右,,右,,左,,右,,左,,右,,右,,右,,右,,左,,右,,左,,左,,右,,右,,左,,右,,右,,0,,,,,,,,,,,,,,,,,,,,,,,,,,,,,,,,,,,,,,,高橋啓太,片岡優斗,山本司,五十嵐雅大,井橋俊貴,石井雄也,楢原一帆,,,,,,,,,クイック,
2018/4/1 10:34,春季,リーグ戦,1,1,1,,桜美林大学,日本体育大学,9,1,表,0,0,0,1,0,打席継続,イニング継続,試合継続,1,上西嵐満,0,0,0,0,2,大木惇司,右,0,0,0,土井大輝,右,8,徳田優大,継続,0,0,0,投球,19,170.6,245.1,ツーシーム,ボール,0,0,0,0,0,0,0,0,0,0,0,9,上西嵐満,3,大木惇司,6,船山貴大,4,高垣鋭次,7,有住隆哉,D,中村誠,8,宮木紳道,5,松下雄大,2,馬場龍星,松本航,8,石井雄也,7,井橋俊貴,6,五十嵐雅大,D,中村士朗,9,楢原一帆,4,片岡優斗,3,高橋啓太,5,山本司,2,徳田優大,土井大輝,左,,右,,右,,右,,左,,右,,左,,右,,右,,右,,右,,左,,右,,左,,左,,右,,右,,左,,右,,右,,0,,,,,,,,,,,,,,,,,,,,,,,,,,,,,,,,,,,,,,,高橋啓太,片岡優斗,山本司,五十嵐雅大,井橋俊貴,石井雄也,楢原一帆,,,,,,,,,クイック,
2018/4/1 10:34,春季,リーグ戦,1,1,1,,桜美林大学,日本体育大学,10,1,表,0,0,0,2,0,打席継続,イニング継続,試合継続,1,上西嵐満,0,0,0,0,2,大木惇司,右,0,0,0,土井大輝,右,9,徳田優大,継続,0,0,0,牽制,0,0,0,0,0,0,0,0,0,0,0,一塁牽制,ターン,0,0,0,9,上西嵐満,3,大木惇司,6,船山貴大,4,高垣鋭次,7,有住隆哉,D,中村誠,8,宮木紳道,5,松下雄大,2,馬場龍星,松本航,8,石井雄也,7,井橋俊貴,6,五十嵐雅大,D,中村士朗,9,楢原一帆,4,片岡優斗,3,高橋啓太,5,山本司,2,徳田優大,土井大輝,左,,右,,右,,右,,左,,右,,左,,右,,右,,右,,右,,左,,右,,左,,左,,右,,右,,左,,右,,右,,0,,,,,,,,,,,,,,,,,,,,,,,,,,,,,,,,,,,,,,,高橋啓太,片岡優斗,山本司,五十嵐雅大,井橋俊貴,石井雄也,楢原一帆,,,,,,,,,クイック,
2018/4/1 10:35,春季,リーグ戦,1,1,1,,桜美林大学,日本体育大学,11,1,表,0,0,0,2,0,打席継続,イニング継続,試合継続,1,上西嵐満,0,0,0,0,2,大木惇司,右,1バント,打の構えからバント,ボール,土井大輝,右,9,徳田優大,継続,0,0,0,投球,19,51.9,237.05,ストレート,ボール,0,0,0,0,0,0,0,0,0,0,0,9,上西嵐満,3,大木惇司,6,船山貴大,4,高垣鋭次,7,有住隆哉,D,中村誠,8,宮木紳道,5,松下雄大,2,馬場龍星,松本航,8,石井雄也,7,井橋俊貴,6,五十嵐雅大,D,中村士朗,9,楢原一帆,4,片岡優斗,3,高橋啓太,5,山本司,2,徳田優大,土井大輝,左,,右,,右,,右,,左,,右,,左,,右,,右,,右,,右,,左,,右,,左,,左,,右,,右,,左,,右,,右,,0,,,,,,,,,,,,,,,,,,,,,,,,,,,,,,,,,,,,,,,高橋啓太,片岡優斗,山本司,五十嵐雅大,井橋俊貴,石井雄也,楢原一帆,,,,,,,,,クイック,
2018/4/1 10:35,春季,リーグ戦,1,1,1,,桜美林大学,日本体育大学,12,1,表,0,0,0,3,0,打席継続,イニング継続,試合継続,1,上西嵐満,0,0,0,0,2,大木惇司,右,1バント,打の構えからバント,見逃し,土井大輝,右,10,徳田優大,継続,0,0,0,投球,19,61.95,143.65,ストレート,見逃し,0,0,0,0,0,0,0,0,0,0,0,9,上西嵐満,3,大木惇司,6,船山貴大,4,高垣鋭次,7,有住隆哉,D,中村誠,8,宮木紳道,5,松下雄大,2,馬場龍星,松本航,8,石井雄也,7,井橋俊貴,6,五十嵐雅大,D,中村士朗,9,楢原一帆,4,片岡優斗,3,高橋啓太,5,山本司,2,徳田優大,土井大輝,左,,右,,右,,右,,左,,右,,左,,右,,右,,右,,右,,左,,右,,左,,左,,右,,右,,左,,右,,右,,0,,,,,,,,,,,,,,,,,,,,,,,,,,,,,,,,,,,,,,,高橋啓太,片岡優斗,山本司,五十嵐雅大,井橋俊貴,石井雄也,楢原一帆,,,,,,,,,クイック,
2018/4/1 10:35,春季,リーグ戦,1,1,1,,桜美林大学,日本体育大学,13,1,表,0,0,1,3,0,打席完了,イニング継続,試合継続,1,上西嵐満,0,0,0,0,2,大木惇司,右,1バント,打の構えからバント,四球,土井大輝,右,11,徳田優大,二進,0,0,出塁,投球,19,31.8,85.7,ストレート,四球,0,0,0,0,0,0,0,0,0,0,0,9,上西嵐満,3,大木惇司,6,船山貴大,4,高垣鋭次,7,有住隆哉,D,中村誠,8,宮木紳道,5,松下雄大,2,馬場龍星,松本航,8,石井雄也,7,井橋俊貴,6,五十嵐雅大,D,中村士朗,9,楢原一帆,4,片岡優斗,3,高橋啓太,5,山本司,2,徳田優大,土井大輝,左,,右,,右,,右,,左,,右,,左,,右,,右,,右,,右,,左,,右,,左,,左,,右,,右,,左,,右,,右,,0,,,,,,,,,,,,,,,,,,,,,,,,,,,,,,,,,,,,,,,高橋啓太,片岡優斗,山本司,五十嵐雅大,井橋俊貴,石井雄也,楢原一帆,,,,,,,,,クイック,
2018/4/1 10:36,春季,リーグ戦,1,1,1,,桜美林大学,日本体育大学,14,1,表,0,0,0,0,0,打席継続,イニング継続,試合継続,2,大木敦司,1,上西嵐満,0,0,3,船山貴大,右,1バント,打の構えからバント,ボール,土井大輝,右,12,徳田優大,継続,継続,0,0,投球,19,225.35,201.2,ストレート,ボール,0,0,0,0,0,0,0,0,0,0,131,9,上西嵐満,3,大木惇司,6,船山貴大,4,高垣鋭次,7,有住隆哉,D,中村誠,8,宮木紳道,5,松下雄大,2,馬場龍星,松本航,8,石井雄也,7,井橋俊貴,6,五十嵐雅大,D,中村士朗,9,楢原一帆,4,片岡優斗,3,高橋啓太,5,山本司,2,徳田優大,土井大輝,左,,右,,右,,右,,左,,右,,左,,右,,右,,右,,右,,左,,右,,左,,左,,右,,右,,左,,右,,右,,0,,,,,,,,,,,,,,,,,,,,,,,,,,,,,,,,,,,,,,,高橋啓太,片岡優斗,山本司,五十嵐雅大,井橋俊貴,石井雄也,楢原一帆,,,,,,,,,0,
2018/4/1 10:36,春季,リーグ戦,1,1,1,,桜美林大学,日本体育大学,15,1,表,0,0,0,1,0,打席継続,イニング継続,試合継続,2,大木敦司,1,上西嵐満,0,0,3,船山貴大,右,1バント,打の構えからバント,ボール,土井大輝,右,13,徳田優大,継続,継続,0,0,投球,19,28.95,150.1,ストレート,ボール,0,0,0,0,0,0,0,0,0,0,131,9,上西嵐満,3,大木惇司,6,船山貴大,4,高垣鋭次,7,有住隆哉,D,中村誠,8,宮木紳道,5,松下雄大,2,馬場龍星,松本航,8,石井雄也,7,井橋俊貴,6,五十嵐雅大,D,中村士朗,9,楢原一帆,4,片岡優斗,3,高橋啓太,5,山本司,2,徳田優大,土井大輝,左,,右,,右,,右,,左,,右,,左,,右,,右,,右,,右,,左,,右,,左,,左,,右,,右,,左,,右,,右,,0,,,,,,,,,,,,,,,,,,,,,,,,,,,,,,,,,,,,,,,高橋啓太,片岡優斗,山本司,五十嵐雅大,井橋俊貴,石井雄也,楢原一帆,,,,,,,,,0,
2018/4/1 10:37,春季,リーグ戦,1,1,1,,桜美林大学,日本体育大学,16,1,表,0,0,0,2,0,打席継続,イニング継続,試合継続,2,大木敦司,1,上西嵐満,0,0,3,船山貴大,右,1バント,打の構えからバント,見逃し,土井大輝,右,14,徳田優大,継続,継続,0,0,投球,19,87.35,170.2,ストレート,見逃し,0,0,0,0,0,0,0,0,0,0,130,9,上西嵐満,3,大木惇司,6,船山貴大,4,高垣鋭次,7,有住隆哉,D,中村誠,8,宮木紳道,5,松下雄大,2,馬場龍星,松本航,8,石井雄也,7,井橋俊貴,6,五十嵐雅大,D,中村士朗,9,楢原一帆,4,片岡優斗,3,高橋啓太,5,山本司,2,徳田優大,土井大輝,左,,右,,右,,右,,左,,右,,左,,右,,右,,右,,右,,左,,右,,左,,左,,右,,右,,左,,右,,右,,0,,,,,,,,,,,,,,,,,,,,,,,,,,,,,,,,,,,,,,,高橋啓太,片岡優斗,山本司,五十嵐雅大,井橋俊貴,石井雄也,楢原一帆,,,,,,,,,0,
2018/4/1 10:37,春季,リーグ戦,1,1,1,,桜美林大学,日本体育大学,17,1,表,0,0,1,2,0,打席継続,イニング継続,試合継続,2,大木敦司,1,上西嵐満,0,0,3,船山貴大,右,0,0,0,土井大輝,右,15,徳田優大,継続,継続,0,0,牽制,0,0,0,0,0,0,0,0,0,0,0,二塁牽制,６一発,0,0,0,9,上西嵐満,3,大木惇司,6,船山貴大,4,高垣鋭次,7,有住隆哉,D,中村誠,8,宮木紳道,5,松下雄大,2,馬場龍星,松本航,8,石井雄也,7,井橋俊貴,6,五十嵐雅大,D,中村士朗,9,楢原一帆,4,片岡優斗,3,高橋啓太,5,山本司,2,徳田優大,土井大輝,左,,右,,右,,右,,左,,右,,左,,右,,右,,右,,右,,左,,右,,左,,左,,右,,右,,左,,右,,右,,0,,,,,,,,,,,,,,,,,,,,,,,,,,,,,,,,,,,,,,,高橋啓太,片岡優斗,山本司,五十嵐雅大,井橋俊貴,石井雄也,楢原一帆,,,,,,,,,0,
2018/4/1 10:38,春季,リーグ戦,1,1,1,,桜美林大学,日本体育大学,18,1,表,0,0,1,2,0,打席継続,イニング継続,試合継続,2,大木敦司,1,上西嵐満,0,0,3,船山貴大,右,1バント,打の構えからバント,空振り,土井大輝,右,15,徳田優大,継続,三進,0,0,投球,19,189.15,157.75,ストレート,空振り,0,0,0,0,0,0,二塁牽制,捕手牽制,捕手悪送球,0,133,9,上西嵐満,3,大木惇司,6,船山貴大,4,高垣鋭次,7,有住隆哉,D,中村誠,8,宮木紳道,5,松下雄大,2,馬場龍星,松本航,8,石井雄也,7,井橋俊貴,6,五十嵐雅大,D,中村士朗,9,楢原一帆,4,片岡優斗,3,高橋啓太,5,山本司,2,徳田優大,土井大輝,左,,右,,右,,右,,左,,右,,左,,右,,右,,右,,右,,左,,右,,左,,左,,右,,右,,左,,右,,右,,0,,,,,,,,,,,,,,,,,,,,,,,,,,,,,,,,,,,,,,,高橋啓太,片岡優斗,山本司,五十嵐雅大,井橋俊貴,石井雄也,楢原一帆,,,,,,,,,0,
2018/4/1 10:39,春季,リーグ戦,1,1,1,,桜美林大学,日本体育大学,19,1,表,0,0,2,2,0,打席完了,イニング継続,試合継続,2,大木敦司,0,0,1,上西嵐満,3,船山貴大,右,0,0,0,土井大輝,右,16,徳田優大,封殺,0,本進,アウト,投球,19,173.45,160.15,ツーシーム,凡打死,0,4,ゴロ,0,153.35,143,0,0,0,0,133,9,上西嵐満,3,大木惇司,6,船山貴大,4,高垣鋭次,7,有住隆哉,D,中村誠,8,宮木紳道,5,松下雄大,2,馬場龍星,松本航,8,石井雄也,7,井橋俊貴,6,五十嵐雅大,D,中村士朗,9,楢原一帆,4,片岡優斗,3,高橋啓太,5,山本司,2,徳田優大,土井大輝,左,,右,,右,,右,,左,,右,,左,,右,,右,,右,,右,,左,,右,,左,,左,,右,,右,,左,,右,,右,,0,,,,,,,,,,,,,,,,,,,,,,,,,,,,,,,,,,,,,,,高橋啓太,片岡優斗,山本司,五十嵐雅大,井橋俊貴,石井雄也,楢原一帆,,,,,,,,,0,
2018/4/1 10:39,春季,リーグ戦,1,1,1,,桜美林大学,日本体育大学,20,1,表,1,0,0,0,2,打席継続,イニング継続,試合継続,0,0,0,0,0,0,4,高垣鋭次,右,0,0,0,土井大輝,右,17,徳田優大,0,0,0,0,投球,19,222.55,28.95,カーブ,ボール,0,0,0,0,0,0,0,0,0,0,110,9,上西嵐満,3,大木惇司,6,船山貴大,4,高垣鋭次,7,有住隆哉,D,中村誠,8,宮木紳道,5,松下雄大,2,馬場龍星,松本航,8,石井雄也,7,井橋俊貴,6,五十嵐雅大,D,中村士朗,9,楢原一帆,4,片岡優斗,3,高橋啓太,5,山本司,2,徳田優大,土井大輝,左,,右,,右,,右,,左,,右,,左,,右,,右,,右,,右,,左,,右,,左,,左,,右,,右,,左,,右,,右,,0,1,,,,,,,,,,,,,,,,,,,,,,,,,,,,,,,,,,,,,,高橋啓太,片岡優斗,山本司,五十嵐雅大,井橋俊貴,石井雄也,楢原一帆,,,,,,,,,0,
2018/4/1 10:39,春季,リーグ戦,1,1,1,,桜美林大学,日本体育大学,21,1,表,1,0,0,1,2,打席継続,イニング継続,試合継続,0,0,0,0,0,0,4,高垣鋭次,右,0,0,0,土井大輝,右,18,徳田優大,0,0,0,0,投球,19,100.2,69.2,スライダー,ファール,0,0,ライナー,0,56,183.25,0,0,0,0,120,9,上西嵐満,3,大木惇司,6,船山貴大,4,高垣鋭次,7,有住隆哉,D,中村誠,8,宮木紳道,5,松下雄大,2,馬場龍星,松本航,8,石井雄也,7,井橋俊貴,6,五十嵐雅大,D,中村士朗,9,楢原一帆,4,片岡優斗,3,高橋啓太,5,山本司,2,徳田優大,土井大輝,左,,右,,右,,右,,左,,右,,左,,右,,右,,右,,右,,左,,右,,左,,左,,右,,右,,左,,右,,右,,0,1,,,,,,,,,,,,,,,,,,,,,,,,,,,,,,,,,,,,,,高橋啓太,片岡優斗,山本司,五十嵐雅大,井橋俊貴,石井雄也,楢原一帆,,,,,,,,,0,
2018/4/1 10:40,春季,リーグ戦,1,1,1,,桜美林大学,日本体育大学,22,1,表,1,0,1,1,2,打席継続,イニング継続,試合継続,0,0,0,0,0,0,4,高垣鋭次,右,0,0,0,土井大輝,右,19,徳田優大,0,0,0,0,投球,19,219.7,222.15,ストレート,ボール,0,0,0,0,0,0,0,0,0,0,131,9,上西嵐満,3,大木惇司,6,船山貴大,4,高垣鋭次,7,有住隆哉,D,中村誠,8,宮木紳道,5,松下雄大,2,馬場龍星,松本航,8,石井雄也,7,井橋俊貴,6,五十嵐雅大,D,中村士朗,9,楢原一帆,4,片岡優斗,3,高橋啓太,5,山本司,2,徳田優大,土井大輝,左,,右,,右,,右,,左,,右,,左,,右,,右,,右,,右,,左,,右,,左,,左,,右,,右,,左,,右,,右,,0,1,,,,,,,,,,,,,,,,,,,,,,,,,,,,,,,,,,,,,,高橋啓太,片岡優斗,山本司,五十嵐雅大,井橋俊貴,石井雄也,楢原一帆,,,,,,,,,0,
2018/4/1 10:40,春季,リーグ戦,1,1,1,,桜美林大学,日本体育大学,23,1,表,1,0,1,2,2,打席継続,イニング継続,試合継続,0,0,0,0,0,0,4,高垣鋭次,右,0,0,0,土井大輝,右,20,徳田優大,0,0,0,0,投球,19,173.85,148.1,スライダー,ファール,0,0,カット,0,120.8,239.15,0,0,0,0,119,9,上西嵐満,3,大木惇司,6,船山貴大,4,高垣鋭次,7,有住隆哉,D,中村誠,8,宮木紳道,5,松下雄大,2,馬場龍星,松本航,8,石井雄也,7,井橋俊貴,6,五十嵐雅大,D,中村士朗,9,楢原一帆,4,片岡優斗,3,高橋啓太,5,山本司,2,徳田優大,土井大輝,左,,右,,右,,右,,左,,右,,左,,右,,右,,右,,右,,左,,右,,左,,左,,右,,右,,左,,右,,右,,0,1,,,,,,,,,,,,,,,,,,,,,,,,,,,,,,,,,,,,,,高橋啓太,片岡優斗,山本司,五十嵐雅大,井橋俊貴,石井雄也,楢原一帆,,,,,,,,,0,
2018/4/1 10:40,春季,リーグ戦,1,1,1,,桜美林大学,日本体育大学,24,1,表,1,0,2,2,2,打席継続,イニング継続,試合継続,0,0,0,0,0,0,4,高垣鋭次,右,0,0,0,土井大輝,右,21,徳田優大,0,0,0,0,投球,19,164.6,34.6,ストレート,ボール,0,0,0,0,0,0,0,0,0,0,134,9,上西嵐満,3,大木惇司,6,船山貴大,4,高垣鋭次,7,有住隆哉,D,中村誠,8,宮木紳道,5,松下雄大,2,馬場龍星,松本航,8,石井雄也,7,井橋俊貴,6,五十嵐雅大,D,中村士朗,9,楢原一帆,4,片岡優斗,3,高橋啓太,5,山本司,2,徳田優大,土井大輝,左,,右,,右,,右,,左,,右,,左,,右,,右,,右,,右,,左,,右,,左,,左,,右,,右,,左,,右,,右,,0,1,,,,,,,,,,,,,,,,,,,,,,,,,,,,,,,,,,,,,,高橋啓太,片岡優斗,山本司,五十嵐雅大,井橋俊貴,石井雄也,楢原一帆,,,,,,,,,0,
2018/4/1 10:40,春季,リーグ戦,1,1,1,,桜美林大学,日本体育大学,25,1,表,1,0,2,3,2,打席完了,イニング完了,試合継続,0,0,0,0,0,0,4,高垣鋭次,右,0,0,0,土井大輝,右,22,徳田優大,0,0,0,アウト,投球,19,114.7,117.5,スライダー,凡打死,0,7,フライ,0,100.15,98.95,0,0,0,0,117,9,上西嵐満,3,大木惇司,6,船山貴大,4,高垣鋭次,7,有住隆哉,D,中村誠,8,宮木紳道,5,松下雄大,2,馬場龍星,松本航,8,石井雄也,7,井橋俊貴,6,五十嵐雅大,D,中村士朗,9,楢原一帆,4,片岡優斗,3,高橋啓太,5,山本司,2,徳田優大,土井大輝,左,,右,,右,,右,,左,,右,,左,,右,,右,,右,,右,,左,,右,,左,,左,,右,,右,,左,,右,,右,,0,1,,,,,,,,,,,,,,,,,,,,,,,,,,,,,,,,,,,,,,高橋啓太,片岡優斗,山本司,五十嵐雅大,井橋俊貴,石井雄也,楢原一帆,,,,,,,,,0,
2018/4/1 10:42,春季,リーグ戦,1,1,1,,桜美林大学,日本体育大学,26,1,裏,1,0,0,0,0,打席継続,イニング開始,試合継続,0,0,0,0,0,0,1,石井雄也,右,0,0,0,松本航,右,1,馬場龍星,0,0,0,0,投球,19,192.75,198.4,ストレート,見逃し,0,0,0,0,0,0,0,0,0,0,139,9,上西嵐満,3,大木惇司,6,船山貴大,4,高垣鋭次,7,有住隆哉,D,中村誠,8,宮木紳道,5,松下雄大,2,馬場龍星,松本航,8,石井雄也,7,井橋俊貴,6,五十嵐雅大,D,中村士朗,9,楢原一帆,4,片岡優斗,3,高橋啓太,5,山本司,2,徳田優大,土井大輝,左,,右,,右,,右,,左,,右,,左,,右,,右,,右,,右,,左,,右,,左,,左,,右,,右,,左,,右,,右,,0,1,,,,,,,,,,,,,,,,,,,,,,,,,,,,,,,,,,,,,,大木敦司,高垣鋭次,松下雄大,船山貴大,有住隆哉,宮木紳道,上西嵐満,,,,,,,,,0,
2018/4/1 10:42,春季,リーグ戦,1,1,1,,桜美林大学,日本体育大学,27,1,裏,1,0,1,0,0,打席継続,イニング継続,試合継続,0,0,0,0,0,0,1,石井雄也,右,0,0,0,松本航,右,2,馬場龍星,0,0,0,0,投球,19,218.9,177.5,カット,空振り,0,0,0,0,0,0,0,0,0,0,135,9,上西嵐満,3,大木惇司,6,船山貴大,4,高垣鋭次,7,有住隆哉,D,中村誠,8,宮木紳道,5,松下雄大,2,馬場龍星,松本航,8,石井雄也,7,井橋俊貴,6,五十嵐雅大,D,中村士朗,9,楢原一帆,4,片岡優斗,3,高橋啓太,5,山本司,2,徳田優大,土井大輝,左,,右,,右,,右,,左,,右,,左,,右,,右,,右,,右,,左,,右,,左,,左,,右,,右,,左,,右,,右,,0,1,,,,,,,,,,,,,,,,,,,,,,,,,,,,,,,,,,,,,,大木敦司,高垣鋭次,松下雄大,船山貴大,有住隆哉,宮木紳道,上西嵐満,,,,,,,,,0,
2018/4/1 10:42,春季,リーグ戦,1,1,1,,桜美林大学,日本体育大学,28,1,裏,1,0,2,0,0,打席継続,イニング継続,試合継続,0,0,0,0,0,0,1,石井雄也,右,0,0,0,松本航,右,3,馬場龍星,0,0,0,0,投球,19,218.9,232.6,カット,ボール,0,0,0,0,0,0,0,0,0,0,133,9,上西嵐満,3,大木惇司,6,船山貴大,4,高垣鋭次,7,有住隆哉,D,中村誠,8,宮木紳道,5,松下雄大,2,馬場龍星,松本航,8,石井雄也,7,井橋俊貴,6,五十嵐雅大,D,中村士朗,9,楢原一帆,4,片岡優斗,3,高橋啓太,5,山本司,2,徳田優大,土井大輝,左,,右,,右,,右,,左,,右,,左,,右,,右,,右,,右,,左,,右,,左,,左,,右,,右,,左,,右,,右,,0,1,,,,,,,,,,,,,,,,,,,,,,,,,,,,,,,,,,,,,,大木敦司,高垣鋭次,松下雄大,船山貴大,有住隆哉,宮木紳道,上西嵐満,,,,,,,,,0,
2018/4/1 10:43,春季,リーグ戦,1,1,1,,桜美林大学,日本体育大学,29,1,裏,1,0,2,1,0,打席完了,イニング継続,試合継続,0,0,0,0,0,0,1,石井雄也,右,0,0,0,松本航,右,4,馬場龍星,0,0,0,アウト,投球,19,148.9,186.3,フォーク,空振り三振,0,0,0,0,0,0,0,0,0,0,124,9,上西嵐満,3,大木惇司,6,船山貴大,4,高垣鋭次,7,有住隆哉,D,中村誠,8,宮木紳道,5,松下雄大,2,馬場龍星,松本航,8,石井雄也,7,井橋俊貴,6,五十嵐雅大,D,中村士朗,9,楢原一帆,4,片岡優斗,3,高橋啓太,5,山本司,2,徳田優大,土井大輝,左,,右,,右,,右,,左,,右,,左,,右,,右,,右,,右,,左,,右,,左,,左,,右,,右,,左,,右,,右,,0,1,,,,,,,,,,,,,,,,,,,,,,,,,,,,,,,,,,,,,,大木敦司,高垣鋭次,松下雄大,船山貴大,有住隆哉,宮木紳道,上西嵐満,,,,,,,,,0,
2018/4/1 10:43,春季,リーグ戦,1,1,1,,桜美林大学,日本体育大学,30,1,裏,1,0,0,0,1,打席継続,イニング継続,試合継続,0,0,0,0,0,0,2,井橋俊貴,左,0,0,0,松本航,右,5,馬場龍星,0,0,0,0,投球,17,81.7,199.6,ストレート,空振り,0,0,0,0,0,0,0,0,0,0,144,9,上西嵐満,3,大木惇司,6,船山貴大,4,高垣鋭次,7,有住隆哉,D,中村誠,8,宮木紳道,5,松下雄大,2,馬場龍星,松本航,8,石井雄也,7,井橋俊貴,6,五十嵐雅大,D,中村士朗,9,楢原一帆,4,片岡優斗,3,高橋啓太,5,山本司,2,徳田優大,土井大輝,左,,右,,右,,右,,左,,右,,左,,右,,右,,右,,右,,左,,右,,左,,左,,右,,右,,左,,右,,右,,0,1,,,,,,,,,,,,,,,,,,,,,,,,,,,,,,,,,,,,,,大木敦司,高垣鋭次,松下雄大,船山貴大,有住隆哉,宮木紳道,上西嵐満,,,,,,,,,0,
2018/4/1 10:43,春季,リーグ戦,1,1,1,,桜美林大学,日本体育大学,31,1,裏,1,0,1,0,1,打席継続,イニング継続,試合継続,0,0,0,0,0,0,2,井橋俊貴,左,0,0,0,松本航,右,6,馬場龍星,0,0,0,0,投球,17,46.7,228.15,ストレート,ボール,0,0,0,0,0,0,0,0,0,0,142,9,上西嵐満,3,大木惇司,6,船山貴大,4,高垣鋭次,7,有住隆哉,D,中村誠,8,宮木紳道,5,松下雄大,2,馬場龍星,松本航,8,石井雄也,7,井橋俊貴,6,五十嵐雅大,D,中村士朗,9,楢原一帆,4,片岡優斗,3,高橋啓太,5,山本司,2,徳田優大,土井大輝,左,,右,,右,,右,,左,,右,,左,,右,,右,,右,,右,,左,,右,,左,,左,,右,,右,,左,,右,,右,,0,1,,,,,,,,,,,,,,,,,,,,,,,,,,,,,,,,,,,,,,大木敦司,高垣鋭次,松下雄大,船山貴大,有住隆哉,宮木紳道,上西嵐満,,,,,,,,,0,
2018/4/1 10:44,春季,リーグ戦,1,1,1,,桜美林大学,日本体育大学,32,1,裏,1,0,1,1,1,打席継続,イニング継続,試合継続,0,0,0,0,0,0,2,井橋俊貴,左,0,0,0,松本航,右,7,馬場龍星,0,0,0,0,投球,18,96.2,143.65,ストレート,ファール,0,0,カット,0,82.95,233.55,0,0,0,0,142,9,上西嵐満,3,大木惇司,6,船山貴大,4,高垣鋭次,7,有住隆哉,D,中村誠,8,宮木紳道,5,松下雄大,2,馬場龍星,松本航,8,石井雄也,7,井橋俊貴,6,五十嵐雅大,D,中村士朗,9,楢原一帆,4,片岡優斗,3,高橋啓太,5,山本司,2,徳田優大,土井大輝,左,,右,,右,,右,,左,,右,,左,,右,,右,,右,,右,,左,,右,,左,,左,,右,,右,,左,,右,,右,,0,1,,,,,,,,,,,,,,,,,,,,,,,,,,,,,,,,,,,,,,大木敦司,高垣鋭次,松下雄大,船山貴大,有住隆哉,宮木紳道,上西嵐満,,,,,,,,,0,
2018/4/1 10:44,春季,リーグ戦,1,1,1,,桜美林大学,日本体育大学,33,1,裏,1,0,2,1,1,打席完了,イニング継続,試合継続,0,0,0,0,0,0,2,井橋俊貴,左,0,0,0,松本航,右,8,馬場龍星,0,0,0,アウト,投球,17,96.2,172.25,ツーシーム,凡打死,0,6,ゴロ,0,110.3,134.6,0,0,0,0,133,9,上西嵐満,3,大木惇司,6,船山貴大,4,高垣鋭次,7,有住隆哉,D,中村誠,8,宮木紳道,5,松下雄大,2,馬場龍星,松本航,8,石井雄也,7,井橋俊貴,6,五十嵐雅大,D,中村士朗,9,楢原一帆,4,片岡優斗,3,高橋啓太,5,山本司,2,徳田優大,土井大輝,左,,右,,右,,右,,左,,右,,左,,右,,右,,右,,右,,左,,右,,左,,左,,右,,右,,左,,右,,右,,0,1,,,,,,,,,,,,,,,,,,,,,,,,,,,,,,,,,,,,,,大木敦司,高垣鋭次,松下雄大,船山貴大,有住隆哉,宮木紳道,上西嵐満,,,,,,,,,0,
2018/4/1 10:45,春季,リーグ戦,1,1,1,,桜美林大学,日本体育大学,34,1,裏,1,0,0,0,2,打席継続,イニング継続,試合継続,0,0,0,0,0,0,3,五十嵐雅大,右,0,0,0,松本航,右,9,馬場龍星,0,0,0,0,投球,19,160.55,174.65,カーブ,見逃し,0,0,0,0,0,0,0,0,0,0,110,9,上西嵐満,3,大木惇司,6,船山貴大,4,高垣鋭次,7,有住隆哉,D,中村誠,8,宮木紳道,5,松下雄大,2,馬場龍星,松本航,8,石井雄也,7,井橋俊貴,6,五十嵐雅大,D,中村士朗,9,楢原一帆,4,片岡優斗,3,高橋啓太,5,山本司,2,徳田優大,土井大輝,左,,右,,右,,右,,左,,右,,左,,右,,右,,右,,右,,左,,右,,左,,左,,右,,右,,左,,右,,右,,0,1,,,,,,,,,,,,,,,,,,,,,,,,,,,,,,,,,,,,,,大木敦司,高垣鋭次,松下雄大,船山貴大,有住隆哉,宮木紳道,上西嵐満,,,,,,,,,0,
2018/4/1 10:45,春季,リーグ戦,1,1,1,,桜美林大学,日本体育大学,35,1,裏,1,0,1,0,2,打席継続,イニング継続,試合継続,0,0,0,0,0,0,3,五十嵐雅大,右,0,0,0,松本航,右,10,馬場龍星,0,0,0,0,投球,19,217.3,182.7,カット,空振り,0,0,0,0,0,0,0,0,0,0,133,9,上西嵐満,3,大木惇司,6,船山貴大,4,高垣鋭次,7,有住隆哉,D,中村誠,8,宮木紳道,5,松下雄大,2,馬場龍星,松本航,8,石井雄也,7,井橋俊貴,6,五十嵐雅大,D,中村士朗,9,楢原一帆,4,片岡優斗,3,高橋啓太,5,山本司,2,徳田優大,土井大輝,左,,右,,右,,右,,左,,右,,左,,右,,右,,右,,右,,左,,右,,左,,左,,右,,右,,左,,右,,右,,0,1,,,,,,,,,,,,,,,,,,,,,,,,,,,,,,,,,,,,,,大木敦司,高垣鋭次,松下雄大,船山貴大,有住隆哉,宮木紳道,上西嵐満,,,,,,,,,0,
2018/4/1 10:45,春季,リーグ戦,1,1,1,,桜美林大学,日本体育大学,36,1,裏,1,0,2,0,2,打席継続,イニング継続,試合継続,0,0,0,0,0,0,3,五十嵐雅大,右,0,0,0,松本航,右,11,馬場龍星,0,0,0,0,投球,19,215.3,234.6,ストレート,ボール,0,0,0,0,0,0,0,0,0,0,135,9,上西嵐満,3,大木惇司,6,船山貴大,4,高垣鋭次,7,有住隆哉,D,中村誠,8,宮木紳道,5,松下雄大,2,馬場龍星,松本航,8,石井雄也,7,井橋俊貴,6,五十嵐雅大,D,中村士朗,9,楢原一帆,4,片岡優斗,3,高橋啓太,5,山本司,2,徳田優大,土井大輝,左,,右,,右,,右,,左,,右,,左,,右,,右,,右,,右,,左,,右,,左,,左,,右,,右,,左,,右,,右,,0,1,,,,,,,,,,,,,,,,,,,,,,,,,,,,,,,,,,,,,,大木敦司,高垣鋭次,松下雄大,船山貴大,有住隆哉,宮木紳道,上西嵐満,,,,,,,,,0,
2018/4/1 10:45,春季,リーグ戦,1,1,1,,桜美林大学,日本体育大学,37,1,裏,1,0,2,1,2,打席継続,イニング継続,試合継続,0,0,0,0,0,0,3,五十嵐雅大,右,0,0,0,松本航,右,12,馬場龍星,0,0,0,0,投球,19,84.5,145.65,ツーシーム,ファール,0,0,カット,0,124.3,231.5,0,0,0,0,133,9,上西嵐満,3,大木惇司,6,船山貴大,4,高垣鋭次,7,有住隆哉,D,中村誠,8,宮木紳道,5,松下雄大,2,馬場龍星,松本航,8,石井雄也,7,井橋俊貴,6,五十嵐雅大,D,中村士朗,9,楢原一帆,4,片岡優斗,3,高橋啓太,5,山本司,2,徳田優大,土井大輝,左,,右,,右,,右,,左,,右,,左,,右,,右,,右,,右,,左,,右,,左,,左,,右,,右,,左,,右,,右,,0,1,,,,,,,,,,,,,,,,,,,,,,,,,,,,,,,,,,,,,,大木敦司,高垣鋭次,松下雄大,船山貴大,有住隆哉,宮木紳道,上西嵐満,,,,,,,,,0,
2018/4/1 10:46,春季,リーグ戦,1,1,1,,桜美林大学,日本体育大学,38,1,裏,1,0,2,1,2,打席継続,イニング継続,試合継続,0,0,0,0,0,0,3,五十嵐雅大,右,0,0,0,松本航,右,13,馬場龍星,0,0,0,0,投球,19,237.85,234.2,カット,ボール,0,0,0,0,0,0,0,0,0,0,135,9,上西嵐満,3,大木惇司,6,船山貴大,4,高垣鋭次,7,有住隆哉,D,中村誠,8,宮木紳道,5,松下雄大,2,馬場龍星,松本航,8,石井雄也,7,井橋俊貴,6,五十嵐雅大,D,中村士朗,9,楢原一帆,4,片岡優斗,3,高橋啓太,5,山本司,2,徳田優大,土井大輝,左,,右,,右,,右,,左,,右,,左,,右,,右,,右,,右,,左,,右,,左,,左,,右,,右,,左,,右,,右,,0,1,,,,,,,,,,,,,,,,,,,,,,,,,,,,,,,,,,,,,,大木敦司,高垣鋭次,松下雄大,船山貴大,有住隆哉,宮木紳道,上西嵐満,,,,,,,,,0,
2018/4/1 10:46,春季,リーグ戦,1,1,1,,桜美林大学,日本体育大学,39,1,裏,1,0,2,2,2,打席継続,イニング継続,試合継続,0,0,0,0,0,0,3,五十嵐雅大,右,0,0,0,松本航,右,14,馬場龍星,0,0,0,0,投球,19,82.1,101.4,ストレート,ファール,0,0,カット,0,126.05,225.5,0,0,0,0,0,9,上西嵐満,3,大木惇司,6,船山貴大,4,高垣鋭次,7,有住隆哉,D,中村誠,8,宮木紳道,5,松下雄大,2,馬場龍星,松本航,8,石井雄也,7,井橋俊貴,6,五十嵐雅大,D,中村士朗,9,楢原一帆,4,片岡優斗,3,高橋啓太,5,山本司,2,徳田優大,土井大輝,左,,右,,右,,右,,左,,右,,左,,右,,右,,右,,右,,左,,右,,左,,左,,右,,右,,左,,右,,右,,0,1,,,,,,,,,,,,,,,,,,,,,,,,,,,,,,,,,,,,,,大木敦司,高垣鋭次,松下雄大,船山貴大,有住隆哉,宮木紳道,上西嵐満,,,,,,,,,0,
2018/4/1 10:47,春季,リーグ戦,1,1,1,,桜美林大学,日本体育大学,40,1,裏,1,0,2,2,2,打席継続,イニング継続,試合継続,0,0,0,0,0,0,3,五十嵐雅大,右,0,0,0,松本航,右,15,馬場龍星,0,0,0,0,投球,19,96.6,94.55,ストレート,ファール,0,0,カット,0,129.55,235.35,0,0,0,0,140,9,上西嵐満,3,大木惇司,6,船山貴大,4,高垣鋭次,7,有住隆哉,D,中村誠,8,宮木紳道,5,松下雄大,2,馬場龍星,松本航,8,石井雄也,7,井橋俊貴,6,五十嵐雅大,D,中村士朗,9,楢原一帆,4,片岡優斗,3,高橋啓太,5,山本司,2,徳田優大,土井大輝,左,,右,,右,,右,,左,,右,,左,,右,,右,,右,,右,,左,,右,,左,,左,,右,,右,,左,,右,,右,,0,1,,,,,,,,,,,,,,,,,,,,,,,,,,,,,,,,,,,,,,大木敦司,高垣鋭次,松下雄大,船山貴大,有住隆哉,宮木紳道,上西嵐満,,,,,,,,,0,
2018/4/1 10:47,春季,リーグ戦,1,1,1,,桜美林大学,日本体育大学,41,1,裏,1,0,2,2,2,打席継続,イニング継続,試合継続,0,0,0,0,0,0,3,五十嵐雅大,右,0,0,0,松本航,右,16,馬場龍星,0,0,0,0,投球,19,228.6,213.3,ストレート,ボール,0,0,0,0,0,0,0,0,0,0,137,9,上西嵐満,3,大木惇司,6,船山貴大,4,高垣鋭次,7,有住隆哉,D,中村誠,8,宮木紳道,5,松下雄大,2,馬場龍星,松本航,8,石井雄也,7,井橋俊貴,6,五十嵐雅大,D,中村士朗,9,楢原一帆,4,片岡優斗,3,高橋啓太,5,山本司,2,徳田優大,土井大輝,左,,右,,右,,右,,左,,右,,左,,右,,右,,右,,右,,左,,右,,左,,左,,右,,右,,左,,右,,右,,0,1,,,,,,,,,,,,,,,,,,,,,,,,,,,,,,,,,,,,,,大木敦司,高垣鋭次,松下雄大,船山貴大,有住隆哉,宮木紳道,上西嵐満,,,,,,,,,0,
2018/4/1 10:47,春季,リーグ戦,1,1,1,,桜美林大学,日本体育大学,42,1,裏,1,0,2,3,2,打席完了,イニング完了,試合継続,0,0,0,0,0,0,3,五十嵐雅大,右,0,0,0,松本航,右,17,馬場龍星,0,0,0,アウト,投球,18,93.35,173.05,フォーク,空振り三振,0,0,0,0,0,0,0,0,0,0,137,9,上西嵐満,3,大木惇司,6,船山貴大,4,高垣鋭次,7,有住隆哉,D,中村誠,8,宮木紳道,5,松下雄大,2,馬場龍星,松本航,8,石井雄也,7,井橋俊貴,6,五十嵐雅大,D,中村士朗,9,楢原一帆,4,片岡優斗,3,高橋啓太,5,山本司,2,徳田優大,土井大輝,左,,右,,右,,右,,左,,右,,左,,右,,右,,右,,右,,左,,右,,左,,左,,右,,右,,左,,右,,右,,0,1,,,,,,,,,,,,,,,,,,,,,,,,,,,,,,,,,,,,,,大木敦司,高垣鋭次,松下雄大,船山貴大,有住隆哉,宮木紳道,上西嵐満,,,,,,,,,0,
2018/4/1 10:49,春季,リーグ戦,1,1,1,,桜美林大学,日本体育大学,43,2,表,1,0,0,0,0,打席完了,イニング開始,試合継続,0,0,0,0,0,0,5,有住隆哉,左,0,0,0,土井大輝,右,23,徳田優大,0,0,0,出塁,投球,17,103,143.25,ツーシーム,単打,0,8,ゴロ,0,123.25,96.15,0,0,0,0,127,9,上西嵐満,3,大木惇司,6,船山貴大,4,高垣鋭次,7,有住隆哉,D,中村誠,8,宮木紳道,5,松下雄大,2,馬場龍星,松本航,8,石井雄也,7,井橋俊貴,6,五十嵐雅大,D,中村士朗,9,楢原一帆,4,片岡優斗,3,高橋啓太,5,山本司,2,徳田優大,土井大輝,左,,右,,右,,右,,左,,右,,左,,右,,右,,右,,右,,左,,右,,左,,左,,右,,右,,左,,右,,右,,0,1,,,,,,,,,,,,,,,0,,,,,,,,,,,,,,,,,,,,,,,高橋啓太,片岡優斗,山本司,五十嵐雅大,井橋俊貴,石井雄也,楢原一帆,,,,,,,,,0,
2018/4/1 10:49,春季,リーグ戦,1,1,1,,桜美林大学,日本体育大学,44,2,表,1,0,0,0,0,打席継続,イニング継続,試合継続,5,有住隆哉,0,0,0,0,6,中村誠,右,0,0,0,土井大輝,右,24,徳田優大,継続,0,0,0,牽制,0,0,0,0,0,0,0,0,0,0,0,一塁牽制,ターン,0,0,0,9,上西嵐満,3,大木惇司,6,船山貴大,4,高垣鋭次,7,有住隆哉,D,中村誠,8,宮木紳道,5,松下雄大,2,馬場龍星,松本航,8,石井雄也,7,井橋俊貴,6,五十嵐雅大,D,中村士朗,9,楢原一帆,4,片岡優斗,3,高橋啓太,5,山本司,2,徳田優大,土井大輝,左,,右,,右,,右,,左,,右,,左,,右,,右,,右,,右,,左,,右,,左,,左,,右,,右,,左,,右,,右,,0,1,,,,,,,,,,,,,,,0,,,,,,,,,,,,,,,,,,,,,,,高橋啓太,片岡優斗,山本司,五十嵐雅大,井橋俊貴,石井雄也,楢原一帆,,,,,,,,,クイック,
2018/4/1 10:50,春季,リーグ戦,1,1,1,,桜美林大学,日本体育大学,45,2,表,1,0,0,0,0,打席継続,イニング継続,試合継続,5,有住隆哉,0,0,0,0,6,中村誠,右,1バント,バント,ファール,土井大輝,右,24,徳田優大,継続,0,0,0,投球,19,103.85,181.1,ストレート,ファール,0,0,カット,0,127.1,234.95,0,0,0,0,0,9,上西嵐満,3,大木惇司,6,船山貴大,4,高垣鋭次,7,有住隆哉,D,中村誠,8,宮木紳道,5,松下雄大,2,馬場龍星,松本航,8,石井雄也,7,井橋俊貴,6,五十嵐雅大,D,中村士朗,9,楢原一帆,4,片岡優斗,3,高橋啓太,5,山本司,2,徳田優大,土井大輝,左,,右,,右,,右,,左,,右,,左,,右,,右,,右,,右,,左,,右,,左,,左,,右,,右,,左,,右,,右,,0,1,,,,,,,,,,,,,,,0,,,,,,,,,,,,,,,,,,,,,,,高橋啓太,片岡優斗,山本司,五十嵐雅大,井橋俊貴,石井雄也,楢原一帆,,,,,,,,,クイック,
2018/4/1 10:50,春季,リーグ戦,1,1,1,,桜美林大学,日本体育大学,46,2,表,1,0,1,0,0,打席完了,イニング継続,試合継続,5,有住隆哉,0,0,0,0,6,中村誠,右,1バント,バント,成功,土井大輝,右,25,徳田優大,二進,0,0,アウト,投球,19,152.1,167.4,ストレート,犠打,0,5,ゴロ,0,121.15,189.5,0,0,0,0,127,9,上西嵐満,3,大木惇司,6,船山貴大,4,高垣鋭次,7,有住隆哉,D,中村誠,8,宮木紳道,5,松下雄大,2,馬場龍星,松本航,8,石井雄也,7,井橋俊貴,6,五十嵐雅大,D,中村士朗,9,楢原一帆,4,片岡優斗,3,高橋啓太,5,山本司,2,徳田優大,土井大輝,左,,右,,右,,右,,左,,右,,左,,右,,右,,右,,右,,左,,右,,左,,左,,右,,右,,左,,右,,右,,0,1,,,,,,,,,,,,,,,0,,,,,,,,,,,,,,,,,,,,,,,高橋啓太,片岡優斗,山本司,五十嵐雅大,井橋俊貴,石井雄也,楢原一帆,,,,,,,,,クイック,
2018/4/1 10:50,春季,リーグ戦,1,1,1,,桜美林大学,日本体育大学,47,2,表,1,0,0,0,1,打席継続,イニング継続,試合継続,0,0,5,有住隆哉,0,0,7,宮木紳道,左,0,0,0,土井大輝,右,26,徳田優大,0,継続,0,0,投球,17,72.05,168.2,ツーシーム,見逃し,0,0,0,0,0,0,0,0,0,0,0,9,上西嵐満,3,大木惇司,6,船山貴大,4,高垣鋭次,7,有住隆哉,D,中村誠,8,宮木紳道,5,松下雄大,2,馬場龍星,松本航,8,石井雄也,7,井橋俊貴,6,五十嵐雅大,D,中村士朗,9,楢原一帆,4,片岡優斗,3,高橋啓太,5,山本司,2,徳田優大,土井大輝,左,,右,,右,,右,,左,,右,,左,,右,,右,,右,,右,,左,,右,,左,,左,,右,,右,,左,,右,,右,,0,1,,,,,,,,,,,,,,,0,,,,,,,,,,,,,,,,,,,,,,,高橋啓太,片岡優斗,山本司,五十嵐雅大,井橋俊貴,石井雄也,楢原一帆,,,,,,,,,0,
2018/4/1 10:51,春季,リーグ戦,1,1,1,,桜美林大学,日本体育大学,48,2,表,1,0,1,0,1,打席継続,イニング継続,試合継続,0,0,5,有住隆哉,0,0,7,宮木紳道,左,0,0,0,土井大輝,右,27,徳田優大,0,継続,0,0,投球,17,68,157.75,ツーシーム,見逃し,0,0,0,0,0,0,0,0,0,0,0,9,上西嵐満,3,大木惇司,6,船山貴大,4,高垣鋭次,7,有住隆哉,D,中村誠,8,宮木紳道,5,松下雄大,2,馬場龍星,松本航,8,石井雄也,7,井橋俊貴,6,五十嵐雅大,D,中村士朗,9,楢原一帆,4,片岡優斗,3,高橋啓太,5,山本司,2,徳田優大,土井大輝,左,,右,,右,,右,,左,,右,,左,,右,,右,,右,,右,,左,,右,,左,,左,,右,,右,,左,,右,,右,,0,1,,,,,,,,,,,,,,,0,,,,,,,,,,,,,,,,,,,,,,,高橋啓太,片岡優斗,山本司,五十嵐雅大,井橋俊貴,石井雄也,楢原一帆,,,,,,,,,0,
2018/4/1 10:51,春季,リーグ戦,1,1,1,,桜美林大学,日本体育大学,49,2,表,1,0,2,0,1,打席継続,イニング継続,試合継続,0,0,5,有住隆哉,0,0,7,宮木紳道,左,0,0,0,土井大輝,右,28,徳田優大,0,継続,0,0,投球,17,39.45,224.55,ストレート,ボール,0,0,0,0,0,0,0,0,0,0,0,9,上西嵐満,3,大木惇司,6,船山貴大,4,高垣鋭次,7,有住隆哉,D,中村誠,8,宮木紳道,5,松下雄大,2,馬場龍星,松本航,8,石井雄也,7,井橋俊貴,6,五十嵐雅大,D,中村士朗,9,楢原一帆,4,片岡優斗,3,高橋啓太,5,山本司,2,徳田優大,土井大輝,左,,右,,右,,右,,左,,右,,左,,右,,右,,右,,右,,左,,右,,左,,左,,右,,右,,左,,右,,右,,0,1,,,,,,,,,,,,,,,0,,,,,,,,,,,,,,,,,,,,,,,高橋啓太,片岡優斗,山本司,五十嵐雅大,井橋俊貴,石井雄也,楢原一帆,,,,,,,,,0,
2018/4/1 10:51,春季,リーグ戦,1,1,1,,桜美林大学,日本体育大学,50,2,表,1,0,2,1,1,打席継続,イニング継続,試合継続,0,0,5,有住隆哉,0,0,7,宮木紳道,左,0,0,0,土井大輝,右,29,徳田優大,0,継続,0,0,投球,17,33.8,86.9,ストレート,ボール,0,0,0,0,0,0,0,0,0,0,131,9,上西嵐満,3,大木惇司,6,船山貴大,4,高垣鋭次,7,有住隆哉,D,中村誠,8,宮木紳道,5,松下雄大,2,馬場龍星,松本航,8,石井雄也,7,井橋俊貴,6,五十嵐雅大,D,中村士朗,9,楢原一帆,4,片岡優斗,3,高橋啓太,5,山本司,2,徳田優大,土井大輝,左,,右,,右,,右,,左,,右,,左,,右,,右,,右,,右,,左,,右,,左,,左,,右,,右,,左,,右,,右,,0,1,,,,,,,,,,,,,,,0,,,,,,,,,,,,,,,,,,,,,,,高橋啓太,片岡優斗,山本司,五十嵐雅大,井橋俊貴,石井雄也,楢原一帆,,,,,,,,,0,
2018/4/1 10:52,春季,リーグ戦,1,1,1,,桜美林大学,日本体育大学,51,2,表,1,0,2,2,1,打席継続,イニング継続,試合継続,0,0,5,有住隆哉,0,0,7,宮木紳道,左,0,0,0,土井大輝,右,30,徳田優大,0,継続,0,0,投球,17,39.05,233.8,チェンジ,ボール,0,0,0,0,0,0,0,0,0,0,117,9,上西嵐満,3,大木惇司,6,船山貴大,4,高垣鋭次,7,有住隆哉,D,中村誠,8,宮木紳道,5,松下雄大,2,馬場龍星,松本航,8,石井雄也,7,井橋俊貴,6,五十嵐雅大,D,中村士朗,9,楢原一帆,4,片岡優斗,3,高橋啓太,5,山本司,2,徳田優大,土井大輝,左,,右,,右,,右,,左,,右,,左,,右,,右,,右,,右,,左,,右,,左,,左,,右,,右,,左,,右,,右,,0,1,,,,,,,,,,,,,,,0,,,,,,,,,,,,,,,,,,,,,,,高橋啓太,片岡優斗,山本司,五十嵐雅大,井橋俊貴,石井雄也,楢原一帆,,,,,,,,,0,
2018/4/1 10:52,春季,リーグ戦,1,1,1,,桜美林大学,日本体育大学,52,2,表,1,0,2,3,1,打席継続,イニング継続,試合継続,0,0,5,有住隆哉,0,0,7,宮木紳道,左,0,0,0,土井大輝,右,31,徳田優大,0,継続,0,0,投球,17,151.7,92.15,スライダー,ファール,0,0,カット,0,62.35,210.85,0,0,0,0,117,9,上西嵐満,3,大木惇司,6,船山貴大,4,高垣鋭次,7,有住隆哉,D,中村誠,8,宮木紳道,5,松下雄大,2,馬場龍星,松本航,8,石井雄也,7,井橋俊貴,6,五十嵐雅大,D,中村士朗,9,楢原一帆,4,片岡優斗,3,高橋啓太,5,山本司,2,徳田優大,土井大輝,左,,右,,右,,右,,左,,右,,左,,右,,右,,右,,右,,左,,右,,左,,左,,右,,右,,左,,右,,右,,0,1,,,,,,,,,,,,,,,0,,,,,,,,,,,,,,,,,,,,,,,高橋啓太,片岡優斗,山本司,五十嵐雅大,井橋俊貴,石井雄也,楢原一帆,,,,,,,ハーフスイング,,0,
2018/4/1 10:53,春季,リーグ戦,1,1,1,,桜美林大学,日本体育大学,53,2,表,1,0,2,3,1,打席完了,イニング継続,試合継続,0,0,5,有住隆哉,0,0,7,宮木紳道,左,0,0,0,土井大輝,右,32,徳田優大,0,三進,0,アウト,投球,17,102.6,191.15,チェンジ,凡打死,0,4,ゴロ,0,149.5,149.65,0,0,0,0,118,9,上西嵐満,3,大木惇司,6,船山貴大,4,高垣鋭次,7,有住隆哉,D,中村誠,8,宮木紳道,5,松下雄大,2,馬場龍星,松本航,8,石井雄也,7,井橋俊貴,6,五十嵐雅大,D,中村士朗,9,楢原一帆,4,片岡優斗,3,高橋啓太,5,山本司,2,徳田優大,土井大輝,左,,右,,右,,右,,左,,右,,左,,右,,右,,右,,右,,左,,右,,左,,左,,右,,右,,左,,右,,右,,0,1,,,,,,,,,,,,,,,0,,,,,,,,,,,,,,,,,,,,,,,高橋啓太,片岡優斗,山本司,五十嵐雅大,井橋俊貴,石井雄也,楢原一帆,,,,,,,,,0,
2018/4/1 10:53,春季,リーグ戦,1,1,1,,桜美林大学,日本体育大学,54,2,表,1,0,0,0,2,打席継続,イニング継続,試合継続,0,0,0,0,5,有住隆哉,8,松下雄大,右,0,0,0,土井大輝,右,33,徳田優大,0,0,継続,0,投球,19,148.9,171.05,スライダー,空振り,0,0,0,0,0,0,0,0,0,0,116,9,上西嵐満,3,大木惇司,6,船山貴大,4,高垣鋭次,7,有住隆哉,D,中村誠,8,宮木紳道,5,松下雄大,2,馬場龍星,松本航,8,石井雄也,7,井橋俊貴,6,五十嵐雅大,D,中村士朗,9,楢原一帆,4,片岡優斗,3,高橋啓太,5,山本司,2,徳田優大,土井大輝,左,,右,,右,,右,,左,,右,,左,,右,,右,,右,,右,,左,,右,,左,,左,,右,,右,,左,,右,,右,,0,1,,,,,,,,,,,,,,,0,,,,,,,,,,,,,,,,,,,,,,,高橋啓太,片岡優斗,山本司,五十嵐雅大,井橋俊貴,石井雄也,楢原一帆,,,,,,,,,0,
2018/4/1 10:53,春季,リーグ戦,1,1,1,,桜美林大学,日本体育大学,55,2,表,1,0,1,0,2,打席継続,イニング継続,試合継続,0,0,0,0,5,有住隆哉,8,松下雄大,右,0,0,0,土井大輝,右,34,徳田優大,0,0,継続,0,投球,19,221.35,230.6,ストレート,ボール,0,0,0,0,0,0,0,0,0,0,130,9,上西嵐満,3,大木惇司,6,船山貴大,4,高垣鋭次,7,有住隆哉,D,中村誠,8,宮木紳道,5,松下雄大,2,馬場龍星,松本航,8,石井雄也,7,井橋俊貴,6,五十嵐雅大,D,中村士朗,9,楢原一帆,4,片岡優斗,3,高橋啓太,5,山本司,2,徳田優大,土井大輝,左,,右,,右,,右,,左,,右,,左,,右,,右,,右,,右,,左,,右,,左,,左,,右,,右,,左,,右,,右,,0,1,,,,,,,,,,,,,,,0,,,,,,,,,,,,,,,,,,,,,,,高橋啓太,片岡優斗,山本司,五十嵐雅大,井橋俊貴,石井雄也,楢原一帆,,,,,,,,,0,
2018/4/1 10:54,春季,リーグ戦,1,1,1,,桜美林大学,日本体育大学,56,2,表,1,0,1,1,2,打席継続,イニング継続,試合継続,0,0,0,0,5,有住隆哉,8,松下雄大,右,0,0,0,土井大輝,右,35,徳田優大,0,0,継続,0,投球,19,164.2,112.3,スライダー,見逃し,0,0,0,0,0,0,0,0,0,0,115,9,上西嵐満,3,大木惇司,6,船山貴大,4,高垣鋭次,7,有住隆哉,D,中村誠,8,宮木紳道,5,松下雄大,2,馬場龍星,松本航,8,石井雄也,7,井橋俊貴,6,五十嵐雅大,D,中村士朗,9,楢原一帆,4,片岡優斗,3,高橋啓太,5,山本司,2,徳田優大,土井大輝,左,,右,,右,,右,,左,,右,,左,,右,,右,,右,,右,,左,,右,,左,,左,,右,,右,,左,,右,,右,,0,1,,,,,,,,,,,,,,,0,,,,,,,,,,,,,,,,,,,,,,,高橋啓太,片岡優斗,山本司,五十嵐雅大,井橋俊貴,石井雄也,楢原一帆,,,,,,,,,0,
2018/4/1 10:54,春季,リーグ戦,1,1,1,,桜美林大学,日本体育大学,57,2,表,1,0,2,1,2,打席継続,イニング継続,試合継続,0,0,0,0,5,有住隆哉,8,松下雄大,右,0,0,0,土井大輝,右,36,徳田優大,0,0,継続,0,投球,19,253.55,230.15,ストレート,ボール,0,0,0,0,0,0,0,0,0,0,131,9,上西嵐満,3,大木惇司,6,船山貴大,4,高垣鋭次,7,有住隆哉,D,中村誠,8,宮木紳道,5,松下雄大,2,馬場龍星,松本航,8,石井雄也,7,井橋俊貴,6,五十嵐雅大,D,中村士朗,9,楢原一帆,4,片岡優斗,3,高橋啓太,5,山本司,2,徳田優大,土井大輝,左,,右,,右,,右,,左,,右,,左,,右,,右,,右,,右,,左,,右,,左,,左,,右,,右,,左,,右,,右,,0,1,,,,,,,,,,,,,,,0,,,,,,,,,,,,,,,,,,,,,,,高橋啓太,片岡優斗,山本司,五十嵐雅大,井橋俊貴,石井雄也,楢原一帆,,,,,,,,,0,
2018/4/1 10:54,春季,リーグ戦,1,1,1,,桜美林大学,日本体育大学,58,2,表,1,0,2,2,2,打席継続,イニング継続,試合継続,0,0,0,0,5,有住隆哉,8,松下雄大,右,0,0,0,土井大輝,右,37,徳田優大,0,0,継続,0,投球,19,214.5,35.85,スライダー,ボール,0,0,0,0,0,0,0,0,0,0,114,9,上西嵐満,3,大木惇司,6,船山貴大,4,高垣鋭次,7,有住隆哉,D,中村誠,8,宮木紳道,5,松下雄大,2,馬場龍星,松本航,8,石井雄也,7,井橋俊貴,6,五十嵐雅大,D,中村士朗,9,楢原一帆,4,片岡優斗,3,高橋啓太,5,山本司,2,徳田優大,土井大輝,左,,右,,右,,右,,左,,右,,左,,右,,右,,右,,右,,左,,右,,左,,左,,右,,右,,左,,右,,右,,0,1,,,,,,,,,,,,,,,0,,,,,,,,,,,,,,,,,,,,,,,高橋啓太,片岡優斗,山本司,五十嵐雅大,井橋俊貴,石井雄也,楢原一帆,,,,,,,,,0,
2018/4/1 10:55,春季,リーグ戦,1,1,1,,桜美林大学,日本体育大学,59,2,表,1,0,2,3,2,打席完了,イニング継続,試合継続,0,0,0,0,5,有住隆哉,8,松下雄大,右,0,0,0,土井大輝,右,38,徳田優大,0,0,継続,出塁,投球,19,26.15,120.75,ストレート,四球,0,0,0,0,0,0,0,0,0,0,0,9,上西嵐満,3,大木惇司,6,船山貴大,4,高垣鋭次,7,有住隆哉,D,中村誠,8,宮木紳道,5,松下雄大,2,馬場龍星,松本航,8,石井雄也,7,井橋俊貴,6,五十嵐雅大,D,中村士朗,9,楢原一帆,4,片岡優斗,3,高橋啓太,5,山本司,2,徳田優大,土井大輝,左,,右,,右,,右,,左,,右,,左,,右,,右,,右,,右,,左,,右,,左,,左,,右,,右,,左,,右,,右,,0,1,,,,,,,,,,,,,,,0,,,,,,,,,,,,,,,,,,,,,,,高橋啓太,片岡優斗,山本司,五十嵐雅大,井橋俊貴,石井雄也,楢原一帆,,,,,,,,,0,
2018/4/1 10:55,春季,リーグ戦,1,1,1,,桜美林大学,日本体育大学,60,2,表,1,0,0,0,2,打席継続,イニング継続,試合継続,8,松下雄大,0,0,5,有住隆哉,9,馬場龍星,右,0,0,0,土井大輝,右,39,徳田優大,継続,0,継続,0,牽制,0,0,0,0,0,0,0,0,0,0,0,一塁牽制,ターン,0,0,0,9,上西嵐満,3,大木惇司,6,船山貴大,4,高垣鋭次,7,有住隆哉,D,中村誠,8,宮木紳道,5,松下雄大,2,馬場龍星,松本航,8,石井雄也,7,井橋俊貴,6,五十嵐雅大,D,中村士朗,9,楢原一帆,4,片岡優斗,3,高橋啓太,5,山本司,2,徳田優大,土井大輝,左,,右,,右,,右,,左,,右,,左,,右,,右,,右,,右,,左,,右,,左,,左,,右,,右,,左,,右,,右,,0,1,,,,,,,,,,,,,,,0,,,,,,,,,,,,,,,,,,,,,,,高橋啓太,片岡優斗,山本司,五十嵐雅大,井橋俊貴,石井雄也,楢原一帆,,,,,,,,,0,
2018/4/1 10:55,春季,リーグ戦,1,1,1,,桜美林大学,日本体育大学,61,2,表,1,0,0,0,2,打席継続,イニング継続,試合継続,8,松下雄大,0,0,5,有住隆哉,9,馬場龍星,右,0,0,0,土井大輝,右,39,徳田優大,継続,0,継続,0,投球,19,175.45,199.2,ストレート,見逃し,0,0,0,0,0,0,0,0,0,0,129,9,上西嵐満,3,大木惇司,6,船山貴大,4,高垣鋭次,7,有住隆哉,D,中村誠,8,宮木紳道,5,松下雄大,2,馬場龍星,松本航,8,石井雄也,7,井橋俊貴,6,五十嵐雅大,D,中村士朗,9,楢原一帆,4,片岡優斗,3,高橋啓太,5,山本司,2,徳田優大,土井大輝,左,,右,,右,,右,,左,,右,,左,,右,,右,,右,,右,,左,,右,,左,,左,,右,,右,,左,,右,,右,,0,1,,,,,,,,,,,,,,,0,,,,,,,,,,,,,,,,,,,,,,,高橋啓太,片岡優斗,山本司,五十嵐雅大,井橋俊貴,石井雄也,楢原一帆,,,,,,,,,0,
2018/4/1 10:56,春季,リーグ戦,1,1,1,,桜美林大学,日本体育大学,62,2,表,1,0,1,0,2,打席完了,イニング継続,試合継続,8,松下雄大,0,0,5,有住隆哉,9,馬場龍星,右,0,0,0,土井大輝,右,40,徳田優大,三進,0,本進,出塁,投球,19,200.4,47.9,ストレート,単打,0,9,ライナー,0,179.25,155.25,0,0,0,0,131,9,上西嵐満,3,大木惇司,6,船山貴大,4,高垣鋭次,7,有住隆哉,D,中村誠,8,宮木紳道,5,松下雄大,2,馬場龍星,松本航,8,石井雄也,7,井橋俊貴,6,五十嵐雅大,D,中村士朗,9,楢原一帆,4,片岡優斗,3,高橋啓太,5,山本司,2,徳田優大,土井大輝,左,,右,,右,,右,,左,,右,,左,,右,,右,,右,,右,,左,,右,,左,,左,,右,,右,,左,,右,,右,,0,1,,,,,,,,,,,,,,,0,,,,,,,,,,,,,,,,,,,,,,,高橋啓太,片岡優斗,山本司,五十嵐雅大,井橋俊貴,石井雄也,楢原一帆,,,,,,,,,0,
2018/4/1 10:56,春季,リーグ戦,1,1,1,,桜美林大学,日本体育大学,63,2,表,2,0,0,0,2,打席継続,イニング継続,試合継続,9,馬場龍星,0,0,8,松下雄大,1,上西嵐満,左,0,0,0,土井大輝,右,41,徳田優大,継続,0,継続,0,牽制,0,0,0,0,0,0,0,0,0,0,0,一塁牽制,ターン,0,0,0,9,上西嵐満,3,大木惇司,6,船山貴大,4,高垣鋭次,7,有住隆哉,D,中村誠,8,宮木紳道,5,松下雄大,2,馬場龍星,松本航,8,石井雄也,7,井橋俊貴,6,五十嵐雅大,D,中村士朗,9,楢原一帆,4,片岡優斗,3,高橋啓太,5,山本司,2,徳田優大,土井大輝,左,,右,,右,,右,,左,,右,,左,,右,,右,,右,,右,,左,,右,,左,,左,,右,,右,,左,,右,,右,,0,1,1,,,,,,,,,,,,,,0,,,,,,,,,,,,,,,,,,,,,,,高橋啓太,片岡優斗,山本司,五十嵐雅大,井橋俊貴,石井雄也,楢原一帆,,,,,,,,,0,
2018/4/1 10:57,春季,リーグ戦,1,1,1,,桜美林大学,日本体育大学,64,2,表,2,0,0,0,2,打席継続,イニング継続,試合継続,9,馬場龍星,0,0,8,松下雄大,1,上西嵐満,左,0,0,0,土井大輝,右,41,徳田優大,継続,0,継続,0,投球,17,24.15,44.3,ストレート,ボール,0,0,0,0,0,0,0,0,0,0,131,9,上西嵐満,3,大木惇司,6,船山貴大,4,高垣鋭次,7,有住隆哉,D,中村誠,8,宮木紳道,5,松下雄大,2,馬場龍星,松本航,8,石井雄也,7,井橋俊貴,6,五十嵐雅大,D,中村士朗,9,楢原一帆,4,片岡優斗,3,高橋啓太,5,山本司,2,徳田優大,土井大輝,左,,右,,右,,右,,左,,右,,左,,右,,右,,右,,右,,左,,右,,左,,左,,右,,右,,左,,右,,右,,0,1,1,,,,,,,,,,,,,,0,,,,,,,,,,,,,,,,,,,,,,,高橋啓太,片岡優斗,山本司,五十嵐雅大,井橋俊貴,石井雄也,楢原一帆,,,,,,,,,0,
2018/4/1 10:57,春季,リーグ戦,1,1,1,,桜美林大学,日本体育大学,65,2,表,2,0,0,1,2,打席継続,イニング継続,試合継続,9,馬場龍星,0,0,8,松下雄大,1,上西嵐満,左,0,0,0,土井大輝,右,42,徳田優大,継続,0,継続,0,投球,17,61.95,150.5,スライダー,見逃し,0,0,0,0,0,0,0,0,0,0,116,9,上西嵐満,3,大木惇司,6,船山貴大,4,高垣鋭次,7,有住隆哉,D,中村誠,8,宮木紳道,5,松下雄大,2,馬場龍星,松本航,8,石井雄也,7,井橋俊貴,6,五十嵐雅大,D,中村士朗,9,楢原一帆,4,片岡優斗,3,高橋啓太,5,山本司,2,徳田優大,土井大輝,左,,右,,右,,右,,左,,右,,左,,右,,右,,右,,右,,左,,右,,左,,左,,右,,右,,左,,右,,右,,0,1,1,,,,,,,,,,,,,,0,,,,,,,,,,,,,,,,,,,,,,,高橋啓太,片岡優斗,山本司,五十嵐雅大,井橋俊貴,石井雄也,楢原一帆,,,,,,,,,0,
2018/4/1 10:57,春季,リーグ戦,1,1,1,,桜美林大学,日本体育大学,66,2,表,2,0,1,1,2,打席継続,イニング継続,試合継続,9,馬場龍星,0,0,8,松下雄大,1,上西嵐満,左,0,0,0,土井大輝,右,43,徳田優大,継続,0,継続,0,投球,19,99,78.9,ストレート,ファール,0,0,カット,0,102.95,252.45,0,0,0,0,0,9,上西嵐満,3,大木惇司,6,船山貴大,4,高垣鋭次,7,有住隆哉,D,中村誠,8,宮木紳道,5,松下雄大,2,馬場龍星,松本航,8,石井雄也,7,井橋俊貴,6,五十嵐雅大,D,中村士朗,9,楢原一帆,4,片岡優斗,3,高橋啓太,5,山本司,2,徳田優大,土井大輝,左,,右,,右,,右,,左,,右,,左,,右,,右,,右,,右,,左,,右,,左,,左,,右,,右,,左,,右,,右,,0,1,1,,,,,,,,,,,,,,0,,,,,,,,,,,,,,,,,,,,,,,高橋啓太,片岡優斗,山本司,五十嵐雅大,井橋俊貴,石井雄也,楢原一帆,,,,,,,,,0,
2018/4/1 10:58,春季,リーグ戦,1,1,1,,桜美林大学,日本体育大学,67,2,表,2,0,2,1,2,打席継続,イニング継続,試合継続,9,馬場龍星,0,0,8,松下雄大,1,上西嵐満,左,0,0,0,土井大輝,右,44,徳田優大,継続,0,継続,0,投球,17,37.8,145.65,ツーシーム,ボール,0,0,0,0,0,0,0,0,0,0,121,9,上西嵐満,3,大木惇司,6,船山貴大,4,高垣鋭次,7,有住隆哉,D,中村誠,8,宮木紳道,5,松下雄大,2,馬場龍星,松本航,8,石井雄也,7,井橋俊貴,6,五十嵐雅大,D,中村士朗,9,楢原一帆,4,片岡優斗,3,高橋啓太,5,山本司,2,徳田優大,土井大輝,左,,右,,右,,右,,左,,右,,左,,右,,右,,右,,右,,左,,右,,左,,左,,右,,右,,左,,右,,右,,0,1,1,,,,,,,,,,,,,,0,,,,,,,,,,,,,,,,,,,,,,,高橋啓太,片岡優斗,山本司,五十嵐雅大,井橋俊貴,石井雄也,楢原一帆,,,,,,,,,0,
2018/4/1 10:58,春季,リーグ戦,1,1,1,,桜美林大学,日本体育大学,68,2,表,2,0,2,2,2,打席完了,イニング完了,試合継続,9,馬場龍星,0,0,8,松下雄大,1,上西嵐満,左,0,0,0,土井大輝,右,45,徳田優大,残留,0,残留,アウト,投球,17,80.9,148.5,チェンジ,空振り三振,0,0,0,0,0,0,0,0,0,0,124,9,上西嵐満,3,大木惇司,6,船山貴大,4,高垣鋭次,7,有住隆哉,D,中村誠,8,宮木紳道,5,松下雄大,2,馬場龍星,松本航,8,石井雄也,7,井橋俊貴,6,五十嵐雅大,D,中村士朗,9,楢原一帆,4,片岡優斗,3,高橋啓太,5,山本司,2,徳田優大,土井大輝,左,,右,,右,,右,,左,,右,,左,,右,,右,,右,,右,,左,,右,,左,,左,,右,,右,,左,,右,,右,,0,1,1,,,,,,,,,,,,,,0,,,,,,,,,,,,,,,,,,,,,,,高橋啓太,片岡優斗,山本司,五十嵐雅大,井橋俊貴,石井雄也,楢原一帆,,,,,,,,,0,
2018/4/1 11:00,春季,リーグ戦,1,1,1,,桜美林大学,日本体育大学,69,2,裏,2,0,0,0,0,打席継続,イニング開始,試合継続,0,0,0,0,0,0,4,中村士朗,左,0,0,0,松本航,右,18,馬場龍星,0,0,0,0,投球,17,92.95,169.8,フォーク,見逃し,0,0,0,0,0,0,0,0,0,0,133,9,上西嵐満,3,大木惇司,6,船山貴大,4,高垣鋭次,7,有住隆哉,D,中村誠,8,宮木紳道,5,松下雄大,2,馬場龍星,松本航,8,石井雄也,7,井橋俊貴,6,五十嵐雅大,D,中村士朗,9,楢原一帆,4,片岡優斗,3,高橋啓太,5,山本司,2,徳田優大,土井大輝,左,,右,,右,,右,,左,,右,,左,,右,,右,,右,,右,,左,,右,,左,,左,,右,,右,,左,,右,,右,,0,1,1,,,,,,,,,,,,,,0,,,,,,,,,,,,,,,,,,,,,,,大木敦司,高垣鋭次,松下雄大,船山貴大,有住隆哉,宮木紳道,上西嵐満,,,,,,,,,0,
2018/4/1 11:00,春季,リーグ戦,1,1,1,,桜美林大学,日本体育大学,70,2,裏,2,0,1,0,0,打席継続,イニング継続,試合継続,0,0,0,0,0,0,4,中村士朗,左,0,0,0,松本航,右,19,馬場龍星,0,0,0,0,投球,17,54.35,199.2,ストレート,見逃し,0,0,0,0,0,0,0,0,0,0,141,9,上西嵐満,3,大木惇司,6,船山貴大,4,高垣鋭次,7,有住隆哉,D,中村誠,8,宮木紳道,5,松下雄大,2,馬場龍星,松本航,8,石井雄也,7,井橋俊貴,6,五十嵐雅大,D,中村士朗,9,楢原一帆,4,片岡優斗,3,高橋啓太,5,山本司,2,徳田優大,土井大輝,左,,右,,右,,右,,左,,右,,左,,右,,右,,右,,右,,左,,右,,左,,左,,右,,右,,左,,右,,右,,0,1,1,,,,,,,,,,,,,,0,,,,,,,,,,,,,,,,,,,,,,,大木敦司,高垣鋭次,松下雄大,船山貴大,有住隆哉,宮木紳道,上西嵐満,,,,,,,,,0,
2018/4/1 11:00,春季,リーグ戦,1,1,1,,桜美林大学,日本体育大学,71,2,裏,2,0,2,0,0,打席完了,イニング継続,試合継続,0,0,0,0,0,0,4,中村士朗,左,0,0,0,松本航,右,20,馬場龍星,0,0,0,アウト,投球,17,64,161,ストレート,見逃し三振,0,0,0,0,0,0,0,0,0,0,146,9,上西嵐満,3,大木惇司,6,船山貴大,4,高垣鋭次,7,有住隆哉,D,中村誠,8,宮木紳道,5,松下雄大,2,馬場龍星,松本航,8,石井雄也,7,井橋俊貴,6,五十嵐雅大,D,中村士朗,9,楢原一帆,4,片岡優斗,3,高橋啓太,5,山本司,2,徳田優大,土井大輝,左,,右,,右,,右,,左,,右,,左,,右,,右,,右,,右,,左,,右,,左,,左,,右,,右,,左,,右,,右,,0,1,1,,,,,,,,,,,,,,0,,,,,,,,,,,,,,,,,,,,,,,大木敦司,高垣鋭次,松下雄大,船山貴大,有住隆哉,宮木紳道,上西嵐満,,,,,,,,,0,
2018/4/1 11:00,春季,リーグ戦,1,1,1,,桜美林大学,日本体育大学,72,2,裏,2,0,0,0,1,打席継続,イニング継続,試合継続,0,0,0,0,0,0,5,楢原一帆,左,0,0,0,松本航,右,21,馬場龍星,0,0,0,0,投球,17,121.95,226.95,カーブ,見逃し,0,0,0,0,0,0,0,0,0,0,105,9,上西嵐満,3,大木惇司,6,船山貴大,4,高垣鋭次,7,有住隆哉,D,中村誠,8,宮木紳道,5,松下雄大,2,馬場龍星,松本航,8,石井雄也,7,井橋俊貴,6,五十嵐雅大,D,中村士朗,9,楢原一帆,4,片岡優斗,3,高橋啓太,5,山本司,2,徳田優大,土井大輝,左,,右,,右,,右,,左,,右,,左,,右,,右,,右,,右,,左,,右,,左,,左,,右,,右,,左,,右,,右,,0,1,1,,,,,,,,,,,,,,0,,,,,,,,,,,,,,,,,,,,,,,大木敦司,高垣鋭次,松下雄大,船山貴大,有住隆哉,宮木紳道,上西嵐満,,,,,,,,,0,
2018/4/1 11:02,春季,リーグ戦,1,1,1,,桜美林大学,日本体育大学,73,2,裏,2,0,1,0,1,打席完了,イニング継続,試合継続,0,0,0,0,0,0,5,楢原一帆,左,0,0,0,松本航,右,22,馬場龍星,0,0,0,アウト,投球,19,161.4,144.05,ストレート,凡打死,0,3,ゴロ,0,172.25,157,0,0,0,0,141,9,上西嵐満,3,大木惇司,6,船山貴大,4,高垣鋭次,7,有住隆哉,D,中村誠,8,宮木紳道,5,松下雄大,2,馬場龍星,松本航,8,石井雄也,7,井橋俊貴,6,五十嵐雅大,D,中村士朗,9,楢原一帆,4,片岡優斗,3,高橋啓太,5,山本司,2,徳田優大,土井大輝,左,,右,,右,,右,,左,,右,,左,,右,,右,,右,,右,,左,,右,,左,,左,,右,,右,,左,,右,,右,,0,1,1,,,,,,,,,,,,,,0,,,,,,,,,,,,,,,,,,,,,,,大木敦司,高垣鋭次,松下雄大,船山貴大,有住隆哉,宮木紳道,上西嵐満,,,,,,,,,0,
2018/4/1 11:02,春季,リーグ戦,1,1,1,,桜美林大学,日本体育大学,74,2,裏,2,0,0,0,2,打席継続,イニング継続,試合継続,0,0,0,0,0,0,6,片岡優斗,右,0,0,0,松本航,右,23,馬場龍星,0,0,0,0,投球,19,178.25,146.05,カーブ,見逃し,0,0,0,0,0,0,0,0,0,0,105,9,上西嵐満,3,大木惇司,6,船山貴大,4,高垣鋭次,7,有住隆哉,D,中村誠,8,宮木紳道,5,松下雄大,2,馬場龍星,松本航,8,石井雄也,7,井橋俊貴,6,五十嵐雅大,D,中村士朗,9,楢原一帆,4,片岡優斗,3,高橋啓太,5,山本司,2,徳田優大,土井大輝,左,,右,,右,,右,,左,,右,,左,,右,,右,,右,,右,,左,,右,,左,,左,,右,,右,,左,,右,,右,,0,1,1,,,,,,,,,,,,,,0,,,,,,,,,,,,,,,,,,,,,,,大木敦司,高垣鋭次,松下雄大,船山貴大,有住隆哉,宮木紳道,上西嵐満,,,,,,,,,0,
2018/4/1 11:02,春季,リーグ戦,1,1,1,,桜美林大学,日本体育大学,75,2,裏,2,0,1,0,2,打席継続,イニング継続,試合継続,0,0,0,0,0,0,6,片岡優斗,右,0,0,0,松本航,右,24,馬場龍星,0,0,0,0,投球,19,171.85,192.35,ストレート,見逃し,0,0,0,0,0,0,0,0,0,0,140,9,上西嵐満,3,大木惇司,6,船山貴大,4,高垣鋭次,7,有住隆哉,D,中村誠,8,宮木紳道,5,松下雄大,2,馬場龍星,松本航,8,石井雄也,7,井橋俊貴,6,五十嵐雅大,D,中村士朗,9,楢原一帆,4,片岡優斗,3,高橋啓太,5,山本司,2,徳田優大,土井大輝,左,,右,,右,,右,,左,,右,,左,,右,,右,,右,,右,,左,,右,,左,,左,,右,,右,,左,,右,,右,,0,1,1,,,,,,,,,,,,,,0,,,,,,,,,,,,,,,,,,,,,,,大木敦司,高垣鋭次,松下雄大,船山貴大,有住隆哉,宮木紳道,上西嵐満,,,,,,,,,0,
2018/4/1 11:02,春季,リーグ戦,1,1,1,,桜美林大学,日本体育大学,76,2,裏,2,0,2,0,2,打席完了,イニング完了,試合継続,0,0,0,0,0,0,6,片岡優斗,右,0,0,0,松本航,右,25,馬場龍星,0,0,0,アウト,投球,20,98.6,163.8,ツーシーム,凡打死,0,5,ゴロ,0,98.4,165.05,0,0,0,0,136,9,上西嵐満,3,大木惇司,6,船山貴大,4,高垣鋭次,7,有住隆哉,D,中村誠,8,宮木紳道,5,松下雄大,2,馬場龍星,松本航,8,石井雄也,7,井橋俊貴,6,五十嵐雅大,D,中村士朗,9,楢原一帆,4,片岡優斗,3,高橋啓太,5,山本司,2,徳田優大,土井大輝,左,,右,,右,,右,,左,,右,,左,,右,,右,,右,,右,,左,,右,,左,,左,,右,,右,,左,,右,,右,,0,1,1,,,,,,,,,,,,,,0,,,,,,,,,,,,,,,,,,,,,,,大木敦司,高垣鋭次,松下雄大,船山貴大,有住隆哉,宮木紳道,上西嵐満,,,,,,,,,0,
2018/4/1 11:03,春季,リーグ戦,1,1,1,,桜美林大学,日本体育大学,77,3,表,2,0,0,0,0,打席継続,イニング開始,試合継続,0,0,0,0,0,0,2,大木惇司,右,0,0,0,土井大輝,右,46,徳田優大,0,0,0,0,投球,19,220.95,36.6,カーブ,ボール,0,0,0,0,0,0,0,0,0,0,102,9,上西嵐満,3,大木惇司,6,船山貴大,4,高垣鋭次,7,有住隆哉,D,中村誠,8,宮木紳道,5,松下雄大,2,馬場龍星,松本航,8,石井雄也,7,井橋俊貴,6,五十嵐雅大,D,中村士朗,9,楢原一帆,4,片岡優斗,3,高橋啓太,5,山本司,2,徳田優大,土井大輝,左,,右,,右,,右,,左,,右,,左,,右,,右,,右,,右,,左,,右,,左,,左,,右,,右,,左,,右,,右,,0,1,1,,,,,,,,,,,,,,0,0,,,,,,,,,,,,,,,,,,,,,,高橋啓太,片岡優斗,山本司,五十嵐雅大,井橋俊貴,石井雄也,楢原一帆,,,,,,,,,0,
2018/4/1 11:03,春季,リーグ戦,1,1,1,,桜美林大学,日本体育大学,78,3,表,2,0,0,1,0,打席継続,イニング継続,試合継続,0,0,0,0,0,0,2,大木惇司,右,0,0,0,土井大輝,右,47,徳田優大,0,0,0,0,投球,19,191.95,220.15,ストレート,空振り,0,0,0,0,0,0,0,0,0,0,129,9,上西嵐満,3,大木惇司,6,船山貴大,4,高垣鋭次,7,有住隆哉,D,中村誠,8,宮木紳道,5,松下雄大,2,馬場龍星,松本航,8,石井雄也,7,井橋俊貴,6,五十嵐雅大,D,中村士朗,9,楢原一帆,4,片岡優斗,3,高橋啓太,5,山本司,2,徳田優大,土井大輝,左,,右,,右,,右,,左,,右,,左,,右,,右,,右,,右,,左,,右,,左,,左,,右,,右,,左,,右,,右,,0,1,1,,,,,,,,,,,,,,0,0,,,,,,,,,,,,,,,,,,,,,,高橋啓太,片岡優斗,山本司,五十嵐雅大,井橋俊貴,石井雄也,楢原一帆,,,,,,,,,0,
2018/4/1 11:04,春季,リーグ戦,1,1,1,,桜美林大学,日本体育大学,79,3,表,2,0,1,1,0,打席継続,イニング継続,試合継続,0,0,0,0,0,0,2,大木惇司,右,0,0,0,土井大輝,右,48,徳田優大,0,0,0,0,投球,19,227.35,224.95,スライダー,ボール,0,0,0,0,0,0,0,0,0,0,117,9,上西嵐満,3,大木惇司,6,船山貴大,4,高垣鋭次,7,有住隆哉,D,中村誠,8,宮木紳道,5,松下雄大,2,馬場龍星,松本航,8,石井雄也,7,井橋俊貴,6,五十嵐雅大,D,中村士朗,9,楢原一帆,4,片岡優斗,3,高橋啓太,5,山本司,2,徳田優大,土井大輝,左,,右,,右,,右,,左,,右,,左,,右,,右,,右,,右,,左,,右,,左,,左,,右,,右,,左,,右,,右,,0,1,1,,,,,,,,,,,,,,0,0,,,,,,,,,,,,,,,,,,,,,,高橋啓太,片岡優斗,山本司,五十嵐雅大,井橋俊貴,石井雄也,楢原一帆,,,,,,,,,0,
2018/4/1 11:04,春季,リーグ戦,1,1,1,,桜美林大学,日本体育大学,80,3,表,2,0,1,2,0,打席継続,イニング継続,試合継続,0,0,0,0,0,0,2,大木惇司,右,0,0,0,土井大輝,右,49,徳田優大,0,0,0,0,投球,19,173.45,173.45,スライダー,見逃し,0,0,0,0,0,0,0,0,0,0,118,9,上西嵐満,3,大木惇司,6,船山貴大,4,高垣鋭次,7,有住隆哉,D,中村誠,8,宮木紳道,5,松下雄大,2,馬場龍星,松本航,8,石井雄也,7,井橋俊貴,6,五十嵐雅大,D,中村士朗,9,楢原一帆,4,片岡優斗,3,高橋啓太,5,山本司,2,徳田優大,土井大輝,左,,右,,右,,右,,左,,右,,左,,右,,右,,右,,右,,左,,右,,左,,左,,右,,右,,左,,右,,右,,0,1,1,,,,,,,,,,,,,,0,0,,,,,,,,,,,,,,,,,,,,,,高橋啓太,片岡優斗,山本司,五十嵐雅大,井橋俊貴,石井雄也,楢原一帆,,,,,,,,,0,
2018/4/1 11:04,春季,リーグ戦,1,1,1,,桜美林大学,日本体育大学,81,3,表,2,0,2,2,0,打席完了,イニング継続,試合継続,0,0,0,0,0,0,2,大木惇司,右,0,0,0,土井大輝,右,50,徳田優大,0,0,0,出塁,投球,19,171.05,112.3,ストレート,単打,0,4,ゴロ,0,149.15,131.45,0,0,0,0,129,9,上西嵐満,3,大木惇司,6,船山貴大,4,高垣鋭次,7,有住隆哉,D,中村誠,8,宮木紳道,5,松下雄大,2,馬場龍星,松本航,8,石井雄也,7,井橋俊貴,6,五十嵐雅大,D,中村士朗,9,楢原一帆,4,片岡優斗,3,高橋啓太,5,山本司,2,徳田優大,土井大輝,左,,右,,右,,右,,左,,右,,左,,右,,右,,右,,右,,左,,右,,左,,左,,右,,右,,左,,右,,右,,0,1,1,,,,,,,,,,,,,,0,0,,,,,,,,,,,,,,,,,,,,,,高橋啓太,片岡優斗,山本司,五十嵐雅大,井橋俊貴,石井雄也,楢原一帆,,,,,,,,,0,
2018/4/1 11:05,春季,リーグ戦,1,1,1,,桜美林大学,日本体育大学,82,3,表,2,0,0,0,0,打席継続,イニング継続,試合継続,2,大木敦司,0,0,0,0,3,船山貴大,右,0,0,0,土井大輝,右,51,徳田優大,継続,0,0,0,牽制,0,0,0,0,0,0,0,0,0,0,0,一塁牽制,ターン,0,0,0,9,上西嵐満,3,大木惇司,6,船山貴大,4,高垣鋭次,7,有住隆哉,D,中村誠,8,宮木紳道,5,松下雄大,2,馬場龍星,松本航,8,石井雄也,7,井橋俊貴,6,五十嵐雅大,D,中村士朗,9,楢原一帆,4,片岡優斗,3,高橋啓太,5,山本司,2,徳田優大,土井大輝,左,,右,,右,,右,,左,,右,,左,,右,,右,,右,,右,,左,,右,,左,,左,,右,,右,,左,,右,,右,,0,1,1,,,,,,,,,,,,,,0,0,,,,,,,,,,,,,,,,,,,,,,高橋啓太,片岡優斗,山本司,五十嵐雅大,井橋俊貴,石井雄也,楢原一帆,,,,,,,,,クイック,
2018/4/1 11:05,春季,リーグ戦,1,1,1,,桜美林大学,日本体育大学,83,3,表,2,0,0,0,0,打席完了,イニング継続,試合継続,2,大木敦司,0,0,0,0,3,船山貴大,右,1バント,バント,成功,土井大輝,右,51,徳田優大,二進,0,0,アウト,投球,17,96.2,173.85,ストレート,犠打,0,1,ゴロ,0,128.5,189.85,0,0,0,0,131,9,上西嵐満,3,大木惇司,6,船山貴大,4,高垣鋭次,7,有住隆哉,D,中村誠,8,宮木紳道,5,松下雄大,2,馬場龍星,松本航,8,石井雄也,7,井橋俊貴,6,五十嵐雅大,D,中村士朗,9,楢原一帆,4,片岡優斗,3,高橋啓太,5,山本司,2,徳田優大,土井大輝,左,,右,,右,,右,,左,,右,,左,,右,,右,,右,,右,,左,,右,,左,,左,,右,,右,,左,,右,,右,,0,1,1,,,,,,,,,,,,,,0,0,,,,,,,,,,,,,,,,,,,,,,高橋啓太,片岡優斗,山本司,五十嵐雅大,井橋俊貴,石井雄也,楢原一帆,,,,,,,,,クイック,
2018/4/1 11:05,春季,リーグ戦,1,1,1,,桜美林大学,日本体育大学,84,3,表,2,0,0,0,1,打席継続,イニング継続,試合継続,0,0,2,大木敦司,0,0,4,高垣鋭次,右,0,0,0,土井大輝,右,52,徳田優大,0,継続,0,0,投球,19,224.55,245.5,ストレート,ボール,0,0,0,0,0,0,0,0,0,0,136,9,上西嵐満,3,大木惇司,6,船山貴大,4,高垣鋭次,7,有住隆哉,D,中村誠,8,宮木紳道,5,松下雄大,2,馬場龍星,松本航,8,石井雄也,7,井橋俊貴,6,五十嵐雅大,D,中村士朗,9,楢原一帆,4,片岡優斗,3,高橋啓太,5,山本司,2,徳田優大,土井大輝,左,,右,,右,,右,,左,,右,,左,,右,,右,,右,,右,,左,,右,,左,,左,,右,,右,,左,,右,,右,,0,1,1,,,,,,,,,,,,,,0,0,,,,,,,,,,,,,,,,,,,,,,高橋啓太,片岡優斗,山本司,五十嵐雅大,井橋俊貴,石井雄也,楢原一帆,,,,,,,,,0,
2018/4/1 11:06,春季,リーグ戦,1,1,1,,桜美林大学,日本体育大学,85,3,表,2,0,0,1,1,打席継続,イニング継続,試合継続,0,0,2,大木敦司,0,0,4,高垣鋭次,右,0,0,0,土井大輝,右,53,徳田優大,0,継続,0,0,投球,19,161.4,191.95,スライダー,見逃し,0,0,0,0,0,0,0,0,0,0,116,9,上西嵐満,3,大木惇司,6,船山貴大,4,高垣鋭次,7,有住隆哉,D,中村誠,8,宮木紳道,5,松下雄大,2,馬場龍星,松本航,8,石井雄也,7,井橋俊貴,6,五十嵐雅大,D,中村士朗,9,楢原一帆,4,片岡優斗,3,高橋啓太,5,山本司,2,徳田優大,土井大輝,左,,右,,右,,右,,左,,右,,左,,右,,右,,右,,右,,左,,右,,左,,左,,右,,右,,左,,右,,右,,0,1,1,,,,,,,,,,,,,,0,0,,,,,,,,,,,,,,,,,,,,,,高橋啓太,片岡優斗,山本司,五十嵐雅大,井橋俊貴,石井雄也,楢原一帆,,,,,,,,,0,
2018/4/1 11:06,春季,リーグ戦,1,1,1,,桜美林大学,日本体育大学,86,3,表,2,0,1,1,1,打席完了,イニング継続,試合継続,0,0,2,大木敦司,0,0,4,高垣鋭次,右,0,0,0,土井大輝,右,54,徳田優大,0,三進,0,出塁,投球,19,158.15,72.85,ストレート,単打,0,9,ライナー,0,185.55,117.85,0,0,0,0,129,9,上西嵐満,3,大木惇司,6,船山貴大,4,高垣鋭次,7,有住隆哉,D,中村誠,8,宮木紳道,5,松下雄大,2,馬場龍星,松本航,8,石井雄也,7,井橋俊貴,6,五十嵐雅大,D,中村士朗,9,楢原一帆,4,片岡優斗,3,高橋啓太,5,山本司,2,徳田優大,土井大輝,左,,右,,右,,右,,左,,右,,左,,右,,右,,右,,右,,左,,右,,左,,左,,右,,右,,左,,右,,右,,0,1,1,,,,,,,,,,,,,,0,0,,,,,,,,,,,,,,,,,,,,,,高橋啓太,片岡優斗,山本司,五十嵐雅大,井橋俊貴,石井雄也,楢原一帆,,,,,,,,,0,
2018/4/1 11:07,春季,リーグ戦,1,1,1,,桜美林大学,日本体育大学,87,3,表,2,0,0,0,1,打席継続,イニング継続,試合継続,4,高垣鋭次,0,0,2,大木敦司,5,有住隆哉,左,0,0,0,土井大輝,右,55,徳田優大,継続,0,継続,0,牽制,0,0,0,0,0,0,0,0,0,0,0,一塁牽制,入り際,0,0,0,9,上西嵐満,3,大木惇司,6,船山貴大,4,高垣鋭次,7,有住隆哉,D,中村誠,8,宮木紳道,5,松下雄大,2,馬場龍星,松本航,8,石井雄也,7,井橋俊貴,6,五十嵐雅大,D,中村士朗,9,楢原一帆,4,片岡優斗,3,高橋啓太,5,山本司,2,徳田優大,土井大輝,左,,右,,右,,右,,左,,右,,左,,右,,右,,右,,右,,左,,右,,左,,左,,右,,右,,左,,右,,右,,0,1,1,,,,,,,,,,,,,,0,0,,,,,,,,,,,,,,,,,,,,,,高橋啓太,片岡優斗,山本司,五十嵐雅大,井橋俊貴,石井雄也,楢原一帆,,,,,,,,,0,
2018/4/1 11:07,春季,リーグ戦,1,1,1,,桜美林大学,日本体育大学,88,3,表,2,0,0,0,1,打席継続,イニング継続,試合継続,4,高垣鋭次,0,0,2,大木敦司,5,有住隆哉,左,0,0,0,土井大輝,右,55,徳田優大,継続,0,継続,0,投球,17,61.95,36.25,ストレート,ボール,0,0,0,0,0,0,0,0,0,0,133,9,上西嵐満,3,大木惇司,6,船山貴大,4,高垣鋭次,7,有住隆哉,D,中村誠,8,宮木紳道,5,松下雄大,2,馬場龍星,松本航,8,石井雄也,7,井橋俊貴,6,五十嵐雅大,D,中村士朗,9,楢原一帆,4,片岡優斗,3,高橋啓太,5,山本司,2,徳田優大,土井大輝,左,,右,,右,,右,,左,,右,,左,,右,,右,,右,,右,,左,,右,,左,,左,,右,,右,,左,,右,,右,,0,1,1,,,,,,,,,,,,,,0,0,,,,,,,,,,,,,,,,,,,,,,高橋啓太,片岡優斗,山本司,五十嵐雅大,井橋俊貴,石井雄也,楢原一帆,,,,,,,,,0,
2018/4/1 11:07,春季,リーグ戦,1,1,1,,桜美林大学,日本体育大学,89,3,表,2,0,0,1,1,打席継続,イニング継続,試合継続,4,高垣鋭次,0,0,2,大木敦司,5,有住隆哉,左,0,0,0,土井大輝,右,56,徳田優大,継続,0,継続,0,投球,17,47.9,175.85,ツーシーム,ボール,0,0,0,0,0,0,0,0,0,0,124,9,上西嵐満,3,大木惇司,6,船山貴大,4,高垣鋭次,7,有住隆哉,D,中村誠,8,宮木紳道,5,松下雄大,2,馬場龍星,松本航,8,石井雄也,7,井橋俊貴,6,五十嵐雅大,D,中村士朗,9,楢原一帆,4,片岡優斗,3,高橋啓太,5,山本司,2,徳田優大,土井大輝,左,,右,,右,,右,,左,,右,,左,,右,,右,,右,,右,,左,,右,,左,,左,,右,,右,,左,,右,,右,,0,1,1,,,,,,,,,,,,,,0,0,,,,,,,,,,,,,,,,,,,,,,高橋啓太,片岡優斗,山本司,五十嵐雅大,井橋俊貴,石井雄也,楢原一帆,,,,,,,,,0,
2018/4/1 11:08,春季,リーグ戦,1,1,1,,桜美林大学,日本体育大学,90,3,表,2,0,0,2,1,打席継続,イニング継続,試合継続,4,高垣鋭次,0,0,2,大木敦司,5,有住隆哉,左,0,0,0,土井大輝,右,57,徳田優大,継続,0,継続,0,投球,18,164.6,181.9,スライダー,ファール,0,0,カット,0,139.7,220.3,0,0,0,0,118,9,上西嵐満,3,大木惇司,6,船山貴大,4,高垣鋭次,7,有住隆哉,D,中村誠,8,宮木紳道,5,松下雄大,2,馬場龍星,松本航,8,石井雄也,7,井橋俊貴,6,五十嵐雅大,D,中村士朗,9,楢原一帆,4,片岡優斗,3,高橋啓太,5,山本司,2,徳田優大,土井大輝,左,,右,,右,,右,,左,,右,,左,,右,,右,,右,,右,,左,,右,,左,,左,,右,,右,,左,,右,,右,,0,1,1,,,,,,,,,,,,,,0,0,,,,,,,,,,,,,,,,,,,,,,高橋啓太,片岡優斗,山本司,五十嵐雅大,井橋俊貴,石井雄也,楢原一帆,,,,,,,,,0,
2018/4/1 11:08,春季,リーグ戦,1,1,1,,桜美林大学,日本体育大学,91,3,表,2,0,1,2,1,打席継続,イニング継続,試合継続,4,高垣鋭次,0,0,2,大木敦司,5,有住隆哉,左,0,0,0,土井大輝,右,58,徳田優大,継続,0,継続,0,投球,19,166.2,68.85,ストレート,空振り,0,0,0,0,0,0,0,0,0,0,131,9,上西嵐満,3,大木惇司,6,船山貴大,4,高垣鋭次,7,有住隆哉,D,中村誠,8,宮木紳道,5,松下雄大,2,馬場龍星,松本航,8,石井雄也,7,井橋俊貴,6,五十嵐雅大,D,中村士朗,9,楢原一帆,4,片岡優斗,3,高橋啓太,5,山本司,2,徳田優大,土井大輝,左,,右,,右,,右,,左,,右,,左,,右,,右,,右,,右,,左,,右,,左,,左,,右,,右,,左,,右,,右,,0,1,1,,,,,,,,,,,,,,0,0,,,,,,,,,,,,,,,,,,,,,,高橋啓太,片岡優斗,山本司,五十嵐雅大,井橋俊貴,石井雄也,楢原一帆,,,,,,,,,0,
2018/4/1 11:09,春季,リーグ戦,1,1,1,,桜美林大学,日本体育大学,92,3,表,2,0,2,2,1,打席完了,イニング完了,試合継続,4,高垣鋭次,0,0,2,大木敦司,5,有住隆哉,左,5盗塁,盗塁,成功,土井大輝,右,59,徳田優大,二進,0,封殺,アウト,投球,17,86.9,147.7,ツーシーム,空振り三振,0,0,0,0,0,0,三塁牽制,捕手牽制,0,0,127,9,上西嵐満,3,大木惇司,6,船山貴大,4,高垣鋭次,7,有住隆哉,D,中村誠,8,宮木紳道,5,松下雄大,2,馬場龍星,松本航,8,石井雄也,7,井橋俊貴,6,五十嵐雅大,D,中村士朗,9,楢原一帆,4,片岡優斗,3,高橋啓太,5,山本司,2,徳田優大,土井大輝,左,,右,,右,,右,,左,,右,,左,,右,,右,,右,,右,,左,,右,,左,,左,,右,,右,,左,,右,,右,,0,1,1,,,,,,,,,,,,,,0,0,,,,,,,,,,,,,,,,,,,,,,高橋啓太,片岡優斗,山本司,五十嵐雅大,井橋俊貴,石井雄也,楢原一帆,,,,,,,,,0,
2018/4/1 11:10,春季,リーグ戦,1,1,1,,桜美林大学,日本体育大学,93,3,裏,2,0,0,0,0,打席継続,イニング開始,試合継続,0,0,0,0,0,0,7,高橋啓太,右,0,0,0,松本航,右,26,馬場龍星,0,0,0,0,投球,19,216.1,156.55,カット,空振り,0,0,0,0,0,0,0,0,0,0,133,9,上西嵐満,3,大木惇司,6,船山貴大,4,高垣鋭次,7,有住隆哉,D,中村誠,8,宮木紳道,5,松下雄大,2,馬場龍星,松本航,8,石井雄也,7,井橋俊貴,6,五十嵐雅大,D,中村士朗,9,楢原一帆,4,片岡優斗,3,高橋啓太,5,山本司,2,徳田優大,土井大輝,左,,右,,右,,右,,左,,右,,左,,右,,右,,右,,右,,左,,右,,左,,左,,右,,右,,左,,右,,右,,0,1,1,0,,,,,,,,,,,,,0,0,,,,,,,,,,,,,,,,,,,,,,大木敦司,高垣鋭次,松下雄大,船山貴大,有住隆哉,宮木紳道,上西嵐満,,,,,,,,,0,
2018/4/1 11:10,春季,リーグ戦,1,1,1,,桜美林大学,日本体育大学,94,3,裏,2,0,1,0,0,打席継続,イニング継続,試合継続,0,0,0,0,0,0,7,高橋啓太,右,0,0,0,松本航,右,27,馬場龍星,0,0,0,0,投球,19,214.1,240.25,カット,ボール,0,0,0,0,0,0,0,0,0,0,132,9,上西嵐満,3,大木惇司,6,船山貴大,4,高垣鋭次,7,有住隆哉,D,中村誠,8,宮木紳道,5,松下雄大,2,馬場龍星,松本航,8,石井雄也,7,井橋俊貴,6,五十嵐雅大,D,中村士朗,9,楢原一帆,4,片岡優斗,3,高橋啓太,5,山本司,2,徳田優大,土井大輝,左,,右,,右,,右,,左,,右,,左,,右,,右,,右,,右,,左,,右,,左,,左,,右,,右,,左,,右,,右,,0,1,1,0,,,,,,,,,,,,,0,0,,,,,,,,,,,,,,,,,,,,,,大木敦司,高垣鋭次,松下雄大,船山貴大,有住隆哉,宮木紳道,上西嵐満,,,,,,,,,0,
2018/4/1 11:10,春季,リーグ戦,1,1,1,,桜美林大学,日本体育大学,95,3,裏,2,0,1,1,0,打席継続,イニング継続,試合継続,0,0,0,0,0,0,7,高橋啓太,右,0,0,0,松本航,右,28,馬場龍星,0,0,0,0,投球,19,105.45,118.7,ツーシーム,ファール,0,0,カット,0,143.9,226.55,0,0,0,0,135,9,上西嵐満,3,大木惇司,6,船山貴大,4,高垣鋭次,7,有住隆哉,D,中村誠,8,宮木紳道,5,松下雄大,2,馬場龍星,松本航,8,石井雄也,7,井橋俊貴,6,五十嵐雅大,D,中村士朗,9,楢原一帆,4,片岡優斗,3,高橋啓太,5,山本司,2,徳田優大,土井大輝,左,,右,,右,,右,,左,,右,,左,,右,,右,,右,,右,,左,,右,,左,,左,,右,,右,,左,,右,,右,,0,1,1,0,,,,,,,,,,,,,0,0,,,,,,,,,,,,,,,,,,,,,,大木敦司,高垣鋭次,松下雄大,船山貴大,有住隆哉,宮木紳道,上西嵐満,,,,,,,,,0,
2018/4/1 11:11,春季,リーグ戦,1,1,1,,桜美林大学,日本体育大学,96,3,裏,2,0,2,1,0,打席完了,イニング継続,試合継続,0,0,0,0,0,0,7,高橋啓太,右,0,0,0,松本航,右,29,馬場龍星,0,0,0,アウト,投球,19,133.6,41.45,ストレート,空振り三振,0,0,0,0,0,0,0,0,0,0,146,9,上西嵐満,3,大木惇司,6,船山貴大,4,高垣鋭次,7,有住隆哉,D,中村誠,8,宮木紳道,5,松下雄大,2,馬場龍星,松本航,8,石井雄也,7,井橋俊貴,6,五十嵐雅大,D,中村士朗,9,楢原一帆,4,片岡優斗,3,高橋啓太,5,山本司,2,徳田優大,土井大輝,左,,右,,右,,右,,左,,右,,左,,右,,右,,右,,右,,左,,右,,左,,左,,右,,右,,左,,右,,右,,0,1,1,0,,,,,,,,,,,,,0,0,,,,,,,,,,,,,,,,,,,,,,大木敦司,高垣鋭次,松下雄大,船山貴大,有住隆哉,宮木紳道,上西嵐満,,,,,,,,,0,
2018/4/1 11:11,春季,リーグ戦,1,1,1,,桜美林大学,日本体育大学,97,3,裏,2,0,0,0,1,打席継続,イニング継続,試合継続,0,0,0,0,0,0,8,山本司,左,3セフティ,セフティ,見逃し,松本航,右,30,馬場龍星,0,0,0,0,投球,17,110.65,83.3,ストレート,見逃し,0,0,0,0,0,0,0,0,0,0,143,9,上西嵐満,3,大木惇司,6,船山貴大,4,高垣鋭次,7,有住隆哉,D,中村誠,8,宮木紳道,5,松下雄大,2,馬場龍星,松本航,8,石井雄也,7,井橋俊貴,6,五十嵐雅大,D,中村士朗,9,楢原一帆,4,片岡優斗,3,高橋啓太,5,山本司,2,徳田優大,土井大輝,左,,右,,右,,右,,左,,右,,左,,右,,右,,右,,右,,左,,右,,左,,左,,右,,右,,左,,右,,右,,0,1,1,0,,,,,,,,,,,,,0,0,,,,,,,,,,,,,,,,,,,,,,大木敦司,高垣鋭次,松下雄大,船山貴大,有住隆哉,宮木紳道,上西嵐満,,,,,,,,,0,
2018/4/1 11:11,春季,リーグ戦,1,1,1,,桜美林大学,日本体育大学,98,3,裏,2,0,1,0,1,打席継続,イニング継続,試合継続,0,0,0,0,0,0,8,山本司,左,0,0,0,松本航,右,31,馬場龍星,0,0,0,0,投球,17,33.8,174.65,ツーシーム,ボール,0,0,0,0,0,0,0,0,0,0,135,9,上西嵐満,3,大木惇司,6,船山貴大,4,高垣鋭次,7,有住隆哉,D,中村誠,8,宮木紳道,5,松下雄大,2,馬場龍星,松本航,8,石井雄也,7,井橋俊貴,6,五十嵐雅大,D,中村士朗,9,楢原一帆,4,片岡優斗,3,高橋啓太,5,山本司,2,徳田優大,土井大輝,左,,右,,右,,右,,左,,右,,左,,右,,右,,右,,右,,左,,右,,左,,左,,右,,右,,左,,右,,右,,0,1,1,0,,,,,,,,,,,,,0,0,,,,,,,,,,,,,,,,,,,,,,大木敦司,高垣鋭次,松下雄大,船山貴大,有住隆哉,宮木紳道,上西嵐満,,,,,,,,,0,
2018/4/1 11:11,春季,リーグ戦,1,1,1,,桜美林大学,日本体育大学,99,3,裏,2,0,1,1,1,打席継続,イニング継続,試合継続,0,0,0,0,0,0,8,山本司,左,0,0,0,松本航,右,32,馬場龍星,0,0,0,0,投球,17,182.7,179.1,ストレート,見逃し,0,0,0,0,0,0,0,0,0,0,144,9,上西嵐満,3,大木惇司,6,船山貴大,4,高垣鋭次,7,有住隆哉,D,中村誠,8,宮木紳道,5,松下雄大,2,馬場龍星,松本航,8,石井雄也,7,井橋俊貴,6,五十嵐雅大,D,中村士朗,9,楢原一帆,4,片岡優斗,3,高橋啓太,5,山本司,2,徳田優大,土井大輝,左,,右,,右,,右,,左,,右,,左,,右,,右,,右,,右,,左,,右,,左,,左,,右,,右,,左,,右,,右,,0,1,1,0,,,,,,,,,,,,,0,0,,,,,,,,,,,,,,,,,,,,,,大木敦司,高垣鋭次,松下雄大,船山貴大,有住隆哉,宮木紳道,上西嵐満,,,,,,,,,0,
2018/4/1 11:12,春季,リーグ戦,1,1,1,,桜美林大学,日本体育大学,100,3,裏,2,0,2,1,1,打席完了,イニング継続,試合継続,0,0,0,0,0,0,8,山本司,左,0,0,0,松本航,右,33,馬場龍星,0,0,0,アウト,投球,19,171.05,103.45,ストレート,空振り三振,0,0,0,0,0,0,0,0,0,0,145,9,上西嵐満,3,大木惇司,6,船山貴大,4,高垣鋭次,7,有住隆哉,D,中村誠,8,宮木紳道,5,松下雄大,2,馬場龍星,松本航,8,石井雄也,7,井橋俊貴,6,五十嵐雅大,D,中村士朗,9,楢原一帆,4,片岡優斗,3,高橋啓太,5,山本司,2,徳田優大,土井大輝,左,,右,,右,,右,,左,,右,,左,,右,,右,,右,,右,,左,,右,,左,,左,,右,,右,,左,,右,,右,,0,1,1,0,,,,,,,,,,,,,0,0,,,,,,,,,,,,,,,,,,,,,,大木敦司,高垣鋭次,松下雄大,船山貴大,有住隆哉,宮木紳道,上西嵐満,,,,,,,,,0,
2018/4/1 11:12,春季,リーグ戦,1,1,1,,桜美林大学,日本体育大学,101,3,裏,2,0,0,0,2,打席継続,イニング継続,試合継続,0,0,0,0,0,0,9,徳田優大,右,0,0,0,松本航,右,34,馬場龍星,0,0,0,0,投球,19,187.1,188.75,ストレート,見逃し,0,0,0,0,0,0,0,0,0,0,145,9,上西嵐満,3,大木惇司,6,船山貴大,4,高垣鋭次,7,有住隆哉,D,中村誠,8,宮木紳道,5,松下雄大,2,馬場龍星,松本航,8,石井雄也,7,井橋俊貴,6,五十嵐雅大,D,中村士朗,9,楢原一帆,4,片岡優斗,3,高橋啓太,5,山本司,2,徳田優大,土井大輝,左,,右,,右,,右,,左,,右,,左,,右,,右,,右,,右,,左,,右,,左,,左,,右,,右,,左,,右,,右,,0,1,1,0,,,,,,,,,,,,,0,0,,,,,,,,,,,,,,,,,,,,,,大木敦司,高垣鋭次,松下雄大,船山貴大,有住隆哉,宮木紳道,上西嵐満,,,,,,,,,0,
2018/4/1 11:12,春季,リーグ戦,1,1,1,,桜美林大学,日本体育大学,102,3,裏,2,0,1,0,2,打席継続,イニング継続,試合継続,0,0,0,0,0,0,9,徳田優大,右,0,0,0,松本航,右,35,馬場龍星,0,0,0,0,投球,19,136,201.65,ストレート,見逃し,0,0,0,0,0,0,0,0,0,0,147,9,上西嵐満,3,大木惇司,6,船山貴大,4,高垣鋭次,7,有住隆哉,D,中村誠,8,宮木紳道,5,松下雄大,2,馬場龍星,松本航,8,石井雄也,7,井橋俊貴,6,五十嵐雅大,D,中村士朗,9,楢原一帆,4,片岡優斗,3,高橋啓太,5,山本司,2,徳田優大,土井大輝,左,,右,,右,,右,,左,,右,,左,,右,,右,,右,,右,,左,,右,,左,,左,,右,,右,,左,,右,,右,,0,1,1,0,,,,,,,,,,,,,0,0,,,,,,,,,,,,,,,,,,,,,,大木敦司,高垣鋭次,松下雄大,船山貴大,有住隆哉,宮木紳道,上西嵐満,,,,,,,,,0,
2018/4/1 11:13,春季,リーグ戦,1,1,1,,桜美林大学,日本体育大学,103,3,裏,2,0,2,0,2,打席完了,イニング完了,試合継続,0,0,0,0,0,0,9,徳田優大,右,0,0,0,松本航,右,36,馬場龍星,0,0,0,アウト,投球,19,158.15,33.8,ストレート,空振り三振,0,0,0,0,0,0,0,0,0,0,147,9,上西嵐満,3,大木惇司,6,船山貴大,4,高垣鋭次,7,有住隆哉,D,中村誠,8,宮木紳道,5,松下雄大,2,馬場龍星,松本航,8,石井雄也,7,井橋俊貴,6,五十嵐雅大,D,中村士朗,9,楢原一帆,4,片岡優斗,3,高橋啓太,5,山本司,2,徳田優大,土井大輝,左,,右,,右,,右,,左,,右,,左,,右,,右,,右,,右,,左,,右,,左,,左,,右,,右,,左,,右,,右,,0,1,1,0,,,,,,,,,,,,,0,0,,,,,,,,,,,,,,,,,,,,,,大木敦司,高垣鋭次,松下雄大,船山貴大,有住隆哉,宮木紳道,上西嵐満,,,,,,,,,0,
2018/4/1 11:14,春季,リーグ戦,1,1,1,,桜美林大学,日本体育大学,104,4,表,2,0,0,0,0,打席継続,イニング開始,試合継続,0,0,0,0,0,0,6,中村誠,右,0,0,0,土井大輝,右,60,徳田優大,0,0,0,0,投球,17,72.45,172.65,ストレート,見逃し,0,0,0,0,0,0,0,0,0,0,134,9,上西嵐満,3,大木惇司,6,船山貴大,4,高垣鋭次,7,有住隆哉,D,中村誠,8,宮木紳道,5,松下雄大,2,馬場龍星,松本航,8,石井雄也,7,井橋俊貴,6,五十嵐雅大,D,中村士朗,9,楢原一帆,4,片岡優斗,3,高橋啓太,5,山本司,2,徳田優大,土井大輝,左,,右,,右,,右,,左,,右,,左,,右,,右,,右,,右,,左,,右,,左,,左,,右,,右,,左,,右,,右,,0,1,1,0,,,,,,,,,,,,,0,0,0,,,,,,,,,,,,,,,,,,,,,高橋啓太,片岡優斗,山本司,五十嵐雅大,井橋俊貴,石井雄也,楢原一帆,,,,,,,,,0,
2018/4/1 11:15,春季,リーグ戦,1,1,1,,桜美林大学,日本体育大学,105,4,表,2,0,1,0,0,打席完了,イニング継続,試合継続,0,0,0,0,0,0,6,中村誠,右,0,0,0,土井大輝,右,61,徳田優大,0,0,0,三進,投球,19,124.35,138,スライダー,三塁打,0,7,フライ,0,84.75,66.45,0,0,0,0,122,9,上西嵐満,3,大木惇司,6,船山貴大,4,高垣鋭次,7,有住隆哉,D,中村誠,8,宮木紳道,5,松下雄大,2,馬場龍星,松本航,8,石井雄也,7,井橋俊貴,6,五十嵐雅大,D,中村士朗,9,楢原一帆,4,片岡優斗,3,高橋啓太,5,山本司,2,徳田優大,土井大輝,左,,右,,右,,右,,左,,右,,左,,右,,右,,右,,右,,左,,右,,左,,左,,右,,右,,左,,右,,右,,0,1,1,0,,,,,,,,,,,,,0,0,0,,,,,,,,,,,,,,,,,,,,,高橋啓太,片岡優斗,山本司,五十嵐雅大,井橋俊貴,石井雄也,楢原一帆,,,,,,,,,0,
2018/4/1 11:15,春季,リーグ戦,1,1,1,,桜美林大学,日本体育大学,106,4,表,2,0,0,0,0,打席継続,イニング継続,試合継続,0,0,0,0,6,中村誠,7,宮木紳道,左,0,0,0,土井大輝,右,62,徳田優大,0,0,継続,0,投球,17,71.25,136.45,ストレート,見逃し,0,0,0,0,0,0,0,0,0,0,129,9,上西嵐満,3,大木惇司,6,船山貴大,4,高垣鋭次,7,有住隆哉,D,中村誠,8,宮木紳道,5,松下雄大,2,馬場龍星,松本航,8,石井雄也,7,井橋俊貴,6,五十嵐雅大,D,中村士朗,9,楢原一帆,4,片岡優斗,3,高橋啓太,5,山本司,2,徳田優大,土井大輝,左,,右,,右,,右,,左,,右,,左,,右,,右,,右,,右,,左,,右,,左,,左,,右,,右,,左,,右,,右,,0,1,1,0,,,,,,,,,,,,,0,0,0,,,,,,,,,,,,,,,,,,,,,高橋啓太,片岡優斗,山本司,五十嵐雅大,井橋俊貴,石井雄也,楢原一帆,,,,,,,,,0,
2018/4/1 11:18,春季,リーグ戦,1,1,1,,桜美林大学,日本体育大学,107,4,表,2,0,1,0,0,打席継続,イニング継続,試合継続,0,0,0,0,6,中村誠,7,宮木紳道,左,0,0,0,土井大輝,右,63,徳田優大,0,0,継続,0,投球,17,94.15,166.6,スライダー,見逃し,0,0,0,0,0,0,0,0,0,0,117,9,上西嵐満,3,大木惇司,6,船山貴大,4,高垣鋭次,7,有住隆哉,D,中村誠,8,宮木紳道,5,松下雄大,2,馬場龍星,松本航,8,石井雄也,7,井橋俊貴,6,五十嵐雅大,D,中村士朗,9,楢原一帆,4,片岡優斗,3,高橋啓太,5,山本司,2,徳田優大,土井大輝,左,,右,,右,,右,,左,,右,,左,,右,,右,,右,,右,,左,,右,,左,,左,,右,,右,,左,,右,,右,,0,1,1,0,,,,,,,,,,,,,0,0,0,,,,,,,,,,,,,,,,,,,,,高橋啓太,片岡優斗,山本司,五十嵐雅大,井橋俊貴,石井雄也,楢原一帆,,,,,,,,,0,
2018/4/1 11:18,春季,リーグ戦,1,1,1,,桜美林大学,日本体育大学,108,4,表,2,0,2,0,0,打席継続,イニング継続,試合継続,0,0,0,0,6,中村誠,7,宮木紳道,左,0,0,0,土井大輝,右,64,徳田優大,0,0,継続,0,投球,17,43.05,143.65,ストレート,ボール,0,0,0,0,0,0,0,0,0,0,129,9,上西嵐満,3,大木惇司,6,船山貴大,4,高垣鋭次,7,有住隆哉,D,中村誠,8,宮木紳道,5,松下雄大,2,馬場龍星,松本航,8,石井雄也,7,井橋俊貴,6,五十嵐雅大,D,中村士朗,9,楢原一帆,4,片岡優斗,3,高橋啓太,5,山本司,2,徳田優大,土井大輝,左,,右,,右,,右,,左,,右,,左,,右,,右,,右,,右,,左,,右,,左,,左,,右,,右,,左,,右,,右,,0,1,1,0,,,,,,,,,,,,,0,0,0,,,,,,,,,,,,,,,,,,,,,高橋啓太,片岡優斗,山本司,五十嵐雅大,井橋俊貴,石井雄也,楢原一帆,,,,,,,,,0,
2018/4/1 11:19,春季,リーグ戦,1,1,1,,桜美林大学,日本体育大学,109,4,表,2,0,2,1,0,打席継続,イニング継続,試合継続,0,0,0,0,6,中村誠,7,宮木紳道,左,0,0,0,土井大輝,右,65,徳田優大,0,0,継続,0,投球,22,94.15,238.2,ツーシーム,ボール,0,0,0,0,0,0,0,0,0,0,125,9,上西嵐満,3,大木惇司,6,船山貴大,4,高垣鋭次,7,有住隆哉,D,中村誠,8,宮木紳道,5,松下雄大,2,馬場龍星,松本航,8,石井雄也,7,井橋俊貴,6,五十嵐雅大,D,中村士朗,9,楢原一帆,4,片岡優斗,3,高橋啓太,5,山本司,2,徳田優大,土井大輝,左,,右,,右,,右,,左,,右,,左,,右,,右,,右,,右,,左,,右,,左,,左,,右,,右,,左,,右,,右,,0,1,1,0,,,,,,,,,,,,,0,0,0,,,,,,,,,,,,,,,,,,,,,高橋啓太,片岡優斗,山本司,五十嵐雅大,井橋俊貴,石井雄也,楢原一帆,,,,,,,,,0,
2018/4/1 11:19,春季,リーグ戦,1,1,1,,桜美林大学,日本体育大学,110,4,表,2,0,2,2,0,打席完了,イニング継続,試合継続,0,0,0,0,6,中村誠,7,宮木紳道,左,0,0,0,土井大輝,右,66,徳田優大,0,0,継続,アウト,投球,17,109.85,78.05,スライダー,犠飛,0,7,フライ,0,56.4,144.4,0,0,0,0,117,9,上西嵐満,3,大木惇司,6,船山貴大,4,高垣鋭次,7,有住隆哉,D,中村誠,8,宮木紳道,5,松下雄大,2,馬場龍星,松本航,8,石井雄也,7,井橋俊貴,6,五十嵐雅大,D,中村士朗,9,楢原一帆,4,片岡優斗,3,高橋啓太,5,山本司,2,徳田優大,土井大輝,左,,右,,右,,右,,左,,右,,左,,右,,右,,右,,右,,左,,右,,左,,左,,右,,右,,左,,右,,右,,0,1,1,0,,,,,,,,,,,,,0,0,0,,,,,,,,,,,,,,,,,,,,,高橋啓太,片岡優斗,山本司,五十嵐雅大,井橋俊貴,石井雄也,楢原一帆,,,,,,,,,0,
2018/4/1 11:19,春季,リーグ戦,1,1,1,,桜美林大学,日本体育大学,111,4,表,2,0,0,0,1,打席完了,イニング継続,試合継続,0,0,0,0,6,中村誠,8,松下雄大,右,0,0,0,土井大輝,右,67,徳田優大,0,0,継続,アウト,投球,19,117.1,154.95,ストレート,凡打死,0,8,フライ,0,144.25,78,0,0,0,0,129,9,上西嵐満,3,大木惇司,6,船山貴大,4,高垣鋭次,7,有住隆哉,D,中村誠,8,宮木紳道,5,松下雄大,2,馬場龍星,松本航,8,石井雄也,7,井橋俊貴,6,五十嵐雅大,D,中村士朗,9,楢原一帆,4,片岡優斗,3,高橋啓太,5,山本司,2,徳田優大,土井大輝,左,,右,,右,,右,,左,,右,,左,,右,,右,,右,,右,,左,,右,,左,,左,,右,,右,,左,,右,,右,,0,1,1,0,,,,,,,,,,,,,0,0,0,,,,,,,,,,,,,,,,,,,,,高橋啓太,片岡優斗,山本司,五十嵐雅大,井橋俊貴,石井雄也,楢原一帆,,,,,,,,,0,
2018/4/1 11:20,春季,リーグ戦,1,1,1,,桜美林大学,日本体育大学,112,4,表,2,0,0,0,2,打席完了,イニング継続,試合継続,0,0,0,0,6,中村誠,9,馬場龍星,右,0,0,0,土井大輝,右,68,徳田優大,0,0,本進,二進,投球,19,122.35,99.8,スライダー,二塁打,0,7,フライ,0,58.5,133.55,0,0,0,0,117,9,上西嵐満,3,大木惇司,6,船山貴大,4,高垣鋭次,7,有住隆哉,D,中村誠,8,宮木紳道,5,松下雄大,2,馬場龍星,松本航,8,石井雄也,7,井橋俊貴,6,五十嵐雅大,D,中村士朗,9,楢原一帆,4,片岡優斗,3,高橋啓太,5,山本司,2,徳田優大,土井大輝,左,,右,,右,,右,,左,,右,,左,,右,,右,,右,,右,,左,,右,,左,,左,,右,,右,,左,,右,,右,,0,1,1,0,,,,,,,,,,,,,0,0,0,,,,,,,,,,,,,,,,,,,,,高橋啓太,片岡優斗,山本司,五十嵐雅大,井橋俊貴,石井雄也,楢原一帆,,,,,,,,,0,
2018/4/1 11:20,春季,リーグ戦,1,1,1,,桜美林大学,日本体育大学,113,4,表,3,0,0,0,2,打席継続,イニング継続,試合継続,0,0,9,馬場龍星,0,0,1,上西嵐満,左,0,0,0,土井大輝,右,69,徳田優大,0,継続,0,0,投球,17,37,227.75,ストレート,ボール,0,0,0,0,0,0,0,0,0,0,0,9,上西嵐満,3,大木惇司,6,船山貴大,4,高垣鋭次,7,有住隆哉,D,中村誠,8,宮木紳道,5,松下雄大,2,馬場龍星,松本航,8,石井雄也,7,井橋俊貴,6,五十嵐雅大,D,中村士朗,9,楢原一帆,4,片岡優斗,3,高橋啓太,5,山本司,2,徳田優大,土井大輝,左,,右,,右,,右,,左,,右,,左,,右,,右,,右,,右,,左,,右,,左,,左,,右,,右,,左,,右,,右,,0,1,1,0,1,,,,,,,,,,,,0,0,0,,,,,,,,,,,,,,,,,,,,,高橋啓太,片岡優斗,山本司,五十嵐雅大,井橋俊貴,石井雄也,楢原一帆,,,,,,,,,0,
2018/4/1 11:20,春季,リーグ戦,1,1,1,,桜美林大学,日本体育大学,114,4,表,3,0,0,1,2,打席継続,イニング継続,試合継続,0,0,9,馬場龍星,0,0,1,上西嵐満,左,0,0,0,土井大輝,右,70,徳田優大,0,継続,0,0,投球,17,94.15,94.55,スライダー,ファール,0,0,カット,0,51.8,223.1,0,0,0,0,120,9,上西嵐満,3,大木惇司,6,船山貴大,4,高垣鋭次,7,有住隆哉,D,中村誠,8,宮木紳道,5,松下雄大,2,馬場龍星,松本航,8,石井雄也,7,井橋俊貴,6,五十嵐雅大,D,中村士朗,9,楢原一帆,4,片岡優斗,3,高橋啓太,5,山本司,2,徳田優大,土井大輝,左,,右,,右,,右,,左,,右,,左,,右,,右,,右,,右,,左,,右,,左,,左,,右,,右,,左,,右,,右,,0,1,1,0,1,,,,,,,,,,,,0,0,0,,,,,,,,,,,,,,,,,,,,,高橋啓太,片岡優斗,山本司,五十嵐雅大,井橋俊貴,石井雄也,楢原一帆,,,,,,,,,0,
2018/4/1 11:21,春季,リーグ戦,1,1,1,,桜美林大学,日本体育大学,115,4,表,3,0,1,1,2,打席継続,イニング継続,試合継続,0,0,9,馬場龍星,0,0,1,上西嵐満,左,0,0,0,土井大輝,右,71,徳田優大,0,継続,0,0,投球,17,93.35,156.55,チェンジ,ファール,0,0,カット,0,113.1,237.75,0,0,0,0,122,9,上西嵐満,3,大木惇司,6,船山貴大,4,高垣鋭次,7,有住隆哉,D,中村誠,8,宮木紳道,5,松下雄大,2,馬場龍星,松本航,8,石井雄也,7,井橋俊貴,6,五十嵐雅大,D,中村士朗,9,楢原一帆,4,片岡優斗,3,高橋啓太,5,山本司,2,徳田優大,土井大輝,左,,右,,右,,右,,左,,右,,左,,右,,右,,右,,右,,左,,右,,左,,左,,右,,右,,左,,右,,右,,0,1,1,0,1,,,,,,,,,,,,0,0,0,,,,,,,,,,,,,,,,,,,,,高橋啓太,片岡優斗,山本司,五十嵐雅大,井橋俊貴,石井雄也,楢原一帆,,,,,,,,,0,
2018/4/1 11:21,春季,リーグ戦,1,1,1,,桜美林大学,日本体育大学,116,4,表,3,0,2,1,2,打席継続,イニング継続,試合継続,0,0,9,馬場龍星,0,0,1,上西嵐満,左,0,0,0,土井大輝,右,72,徳田優大,0,継続,0,0,投球,17,152.95,91.35,スライダー,ファール,0,0,フライ,0,41.65,198.6,0,0,0,0,121,9,上西嵐満,3,大木惇司,6,船山貴大,4,高垣鋭次,7,有住隆哉,D,中村誠,8,宮木紳道,5,松下雄大,2,馬場龍星,松本航,8,石井雄也,7,井橋俊貴,6,五十嵐雅大,D,中村士朗,9,楢原一帆,4,片岡優斗,3,高橋啓太,5,山本司,2,徳田優大,土井大輝,左,,右,,右,,右,,左,,右,,左,,右,,右,,右,,右,,左,,右,,左,,左,,右,,右,,左,,右,,右,,0,1,1,0,1,,,,,,,,,,,,0,0,0,,,,,,,,,,,,,,,,,,,,,高橋啓太,片岡優斗,山本司,五十嵐雅大,井橋俊貴,石井雄也,楢原一帆,,,,,,,,,0,
2018/4/1 11:21,春季,リーグ戦,1,1,1,,桜美林大学,日本体育大学,117,4,表,3,0,2,1,2,打席完了,イニング完了,試合継続,0,0,9,馬場龍星,0,0,1,上西嵐満,左,0,0,0,土井大輝,右,73,徳田優大,0,残留,0,アウト,投球,17,115.5,226.95,チェンジ,空振り三振,0,0,0,0,0,0,0,0,0,0,125,9,上西嵐満,3,大木惇司,6,船山貴大,4,高垣鋭次,7,有住隆哉,D,中村誠,8,宮木紳道,5,松下雄大,2,馬場龍星,松本航,8,石井雄也,7,井橋俊貴,6,五十嵐雅大,D,中村士朗,9,楢原一帆,4,片岡優斗,3,高橋啓太,5,山本司,2,徳田優大,土井大輝,左,,右,,右,,右,,左,,右,,左,,右,,右,,右,,右,,左,,右,,左,,左,,右,,右,,左,,右,,右,,0,1,1,0,1,,,,,,,,,,,,0,0,0,,,,,,,,,,,,,,,,,,,,,高橋啓太,片岡優斗,山本司,五十嵐雅大,井橋俊貴,石井雄也,楢原一帆,,,,,,,,,0,
2018/4/1 11:22,春季,リーグ戦,1,1,1,,桜美林大学,日本体育大学,118,4,裏,3,0,0,0,0,打席継続,イニング開始,試合継続,0,0,0,0,0,0,1,石井雄也,右,0,0,0,松本航,右,37,馬場龍星,0,0,0,0,投球,19,181.9,196,カット,見逃し,0,0,0,0,0,0,0,0,0,0,130,9,上西嵐満,3,大木惇司,6,船山貴大,4,高垣鋭次,7,有住隆哉,D,中村誠,8,宮木紳道,5,松下雄大,2,馬場龍星,松本航,8,石井雄也,7,井橋俊貴,6,五十嵐雅大,D,中村士朗,9,楢原一帆,4,片岡優斗,3,高橋啓太,5,山本司,2,徳田優大,土井大輝,左,,右,,右,,右,,左,,右,,左,,右,,右,,右,,右,,左,,右,,左,,左,,右,,右,,左,,右,,右,,0,1,1,0,1,,,,,,,,,,,,0,0,0,,,,,,,,,,,,,,,,,,,,,大木敦司,高垣鋭次,松下雄大,船山貴大,有住隆哉,宮木紳道,上西嵐満,,,,,,,,,0,
2018/4/1 11:22,春季,リーグ戦,1,1,1,,桜美林大学,日本体育大学,119,4,裏,3,0,1,0,0,打席継続,イニング継続,試合継続,0,0,0,0,0,0,1,石井雄也,右,0,0,0,松本航,右,38,馬場龍星,0,0,0,0,投球,19,200.4,234.6,カット,ボール,0,0,0,0,0,0,0,0,0,0,135,9,上西嵐満,3,大木惇司,6,船山貴大,4,高垣鋭次,7,有住隆哉,D,中村誠,8,宮木紳道,5,松下雄大,2,馬場龍星,松本航,8,石井雄也,7,井橋俊貴,6,五十嵐雅大,D,中村士朗,9,楢原一帆,4,片岡優斗,3,高橋啓太,5,山本司,2,徳田優大,土井大輝,左,,右,,右,,右,,左,,右,,左,,右,,右,,右,,右,,左,,右,,左,,左,,右,,右,,左,,右,,右,,0,1,1,0,1,,,,,,,,,,,,0,0,0,,,,,,,,,,,,,,,,,,,,,大木敦司,高垣鋭次,松下雄大,船山貴大,有住隆哉,宮木紳道,上西嵐満,,,,,,,,,0,
2018/4/1 11:23,春季,リーグ戦,1,1,1,,桜美林大学,日本体育大学,120,4,裏,3,0,1,1,0,打席継続,イニング継続,試合継続,0,0,0,0,0,0,1,石井雄也,右,0,0,0,松本航,右,39,馬場龍星,0,0,0,0,投球,19,168.6,89.35,ストレート,ファール,0,0,カット,0,149.85,236,0,0,0,0,0,9,上西嵐満,3,大木惇司,6,船山貴大,4,高垣鋭次,7,有住隆哉,D,中村誠,8,宮木紳道,5,松下雄大,2,馬場龍星,松本航,8,石井雄也,7,井橋俊貴,6,五十嵐雅大,D,中村士朗,9,楢原一帆,4,片岡優斗,3,高橋啓太,5,山本司,2,徳田優大,土井大輝,左,,右,,右,,右,,左,,右,,左,,右,,右,,右,,右,,左,,右,,左,,左,,右,,右,,左,,右,,右,,0,1,1,0,1,,,,,,,,,,,,0,0,0,,,,,,,,,,,,,,,,,,,,,大木敦司,高垣鋭次,松下雄大,船山貴大,有住隆哉,宮木紳道,上西嵐満,,,,,,,,,0,
2018/4/1 11:23,春季,リーグ戦,1,1,1,,桜美林大学,日本体育大学,121,4,裏,3,0,2,1,0,打席完了,イニング継続,試合継続,0,0,0,0,0,0,1,石井雄也,右,0,0,0,松本航,右,40,馬場龍星,0,0,0,出塁,投球,19,109.45,95.8,ストレート,単打,0,7,ライナー,0,89.65,117.85,0,0,0,0,143,9,上西嵐満,3,大木惇司,6,船山貴大,4,高垣鋭次,7,有住隆哉,D,中村誠,8,宮木紳道,5,松下雄大,2,馬場龍星,松本航,8,石井雄也,7,井橋俊貴,6,五十嵐雅大,D,中村士朗,9,楢原一帆,4,片岡優斗,3,高橋啓太,5,山本司,2,徳田優大,土井大輝,左,,右,,右,,右,,左,,右,,左,,右,,右,,右,,右,,左,,右,,左,,左,,右,,右,,左,,右,,右,,0,1,1,0,1,,,,,,,,,,,,0,0,0,,,,,,,,,,,,,,,,,,,,,大木敦司,高垣鋭次,松下雄大,船山貴大,有住隆哉,宮木紳道,上西嵐満,,,,,,,,,0,
2018/4/1 11:23,春季,リーグ戦,1,1,1,,桜美林大学,日本体育大学,122,4,裏,3,0,0,0,0,打席完了,イニング継続,試合継続,1,石井雄也,0,0,0,0,2,井橋俊貴,左,4エンドラン系,HAR,成功,松本航,右,41,馬場龍星,二進,0,0,出塁,投球,17,94.95,96.2,ストレート,単打,0,7,ゴロ,0,90.7,118.9,0,0,0,0,142,9,上西嵐満,3,大木惇司,6,船山貴大,4,高垣鋭次,7,有住隆哉,D,中村誠,8,宮木紳道,5,松下雄大,2,馬場龍星,松本航,8,石井雄也,7,井橋俊貴,6,五十嵐雅大,D,中村士朗,9,楢原一帆,4,片岡優斗,3,高橋啓太,5,山本司,2,徳田優大,土井大輝,左,,右,,右,,右,,左,,右,,左,,右,,右,,右,,右,,左,,右,,左,,左,,右,,右,,左,,右,,右,,0,1,1,0,1,,,,,,,,,,,,0,0,0,,,,,,,,,,,,,,,,,,,,,大木敦司,高垣鋭次,松下雄大,船山貴大,有住隆哉,宮木紳道,上西嵐満,,,,,,,,,クイック,
2018/4/1 11:24,春季,リーグ戦,1,1,1,,桜美林大学,日本体育大学,123,4,裏,3,0,0,0,0,打席継続,イニング継続,試合継続,2,井橋俊貴,1,石井雄也,0,0,3,五十嵐雅大,右,0,0,0,松本航,右,42,馬場龍星,継続,継続,0,0,投球,19,99.8,26.95,ストレート,ボール,0,0,0,0,0,0,0,0,0,0,143,9,上西嵐満,3,大木惇司,6,船山貴大,4,高垣鋭次,7,有住隆哉,D,中村誠,8,宮木紳道,5,松下雄大,2,馬場龍星,松本航,8,石井雄也,7,井橋俊貴,6,五十嵐雅大,D,中村士朗,9,楢原一帆,4,片岡優斗,3,高橋啓太,5,山本司,2,徳田優大,土井大輝,左,,右,,右,,右,,左,,右,,左,,右,,右,,右,,右,,左,,右,,左,,左,,右,,右,,左,,右,,右,,0,1,1,0,1,,,,,,,,,,,,0,0,0,,,,,,,,,,,,,,,,,,,,,大木敦司,高垣鋭次,松下雄大,船山貴大,有住隆哉,宮木紳道,上西嵐満,,,,,,,,,0,
2018/4/1 11:24,春季,リーグ戦,1,1,1,,桜美林大学,日本体育大学,124,4,裏,3,0,0,1,0,打席継続,イニング継続,試合継続,2,井橋俊貴,1,石井雄也,0,0,3,五十嵐雅大,右,1バント,打の構えからバント,ファール,松本航,右,43,馬場龍星,継続,継続,0,0,投球,19,109.85,69.6,ストレート,ファール,0,0,ボテゴロ,0,106.45,202.1,0,0,0,0,145,9,上西嵐満,3,大木惇司,6,船山貴大,4,高垣鋭次,7,有住隆哉,D,中村誠,8,宮木紳道,5,松下雄大,2,馬場龍星,松本航,8,石井雄也,7,井橋俊貴,6,五十嵐雅大,D,中村士朗,9,楢原一帆,4,片岡優斗,3,高橋啓太,5,山本司,2,徳田優大,土井大輝,左,,右,,右,,右,,左,,右,,左,,右,,右,,右,,右,,左,,右,,左,,左,,右,,右,,左,,右,,右,,0,1,1,0,1,,,,,,,,,,,,0,0,0,,,,,,,,,,,,,,,,,,,,,大木敦司,高垣鋭次,松下雄大,船山貴大,有住隆哉,宮木紳道,上西嵐満,,,,,,,,,0,
2018/4/1 11:25,春季,リーグ戦,1,1,1,,桜美林大学,日本体育大学,125,4,裏,3,0,1,1,0,打席継続,イニング継続,試合継続,2,井橋俊貴,1,石井雄也,0,0,3,五十嵐雅大,右,1バント,バント,空振り,松本航,右,44,馬場龍星,継続,継続,0,0,投球,19,170.2,169.45,ストレート,空振り,0,0,0,0,0,0,0,0,0,0,143,9,上西嵐満,3,大木惇司,6,船山貴大,4,高垣鋭次,7,有住隆哉,D,中村誠,8,宮木紳道,5,松下雄大,2,馬場龍星,松本航,8,石井雄也,7,井橋俊貴,6,五十嵐雅大,D,中村士朗,9,楢原一帆,4,片岡優斗,3,高橋啓太,5,山本司,2,徳田優大,土井大輝,左,,右,,右,,右,,左,,右,,左,,右,,右,,右,,右,,左,,右,,左,,左,,右,,右,,左,,右,,右,,0,1,1,0,1,,,,,,,,,,,,0,0,0,,,,,,,,,,,,,,,,,,,,,大木敦司,高垣鋭次,松下雄大,船山貴大,有住隆哉,宮木紳道,上西嵐満,,,,,,,,,0,
2018/4/1 11:25,春季,リーグ戦,1,1,1,,桜美林大学,日本体育大学,126,4,裏,3,0,2,1,0,打席継続,イニング継続,試合継続,2,井橋俊貴,1,石井雄也,0,0,3,五十嵐雅大,右,2バスター,バスター,ファール,松本航,右,45,馬場龍星,継続,継続,0,0,投球,19,169.05,76.9,ストレート,ファール,0,0,カット,0,147.4,229,0,0,0,0,146,9,上西嵐満,3,大木惇司,6,船山貴大,4,高垣鋭次,7,有住隆哉,D,中村誠,8,宮木紳道,5,松下雄大,2,馬場龍星,松本航,8,石井雄也,7,井橋俊貴,6,五十嵐雅大,D,中村士朗,9,楢原一帆,4,片岡優斗,3,高橋啓太,5,山本司,2,徳田優大,土井大輝,左,,右,,右,,右,,左,,右,,左,,右,,右,,右,,右,,左,,右,,左,,左,,右,,右,,左,,右,,右,,0,1,1,0,1,,,,,,,,,,,,0,0,0,,,,,,,,,,,,,,,,,,,,,大木敦司,高垣鋭次,松下雄大,船山貴大,有住隆哉,宮木紳道,上西嵐満,,,,,,,,,0,
2018/4/1 11:26,春季,リーグ戦,1,1,1,,桜美林大学,日本体育大学,127,4,裏,3,0,2,1,0,打席完了,イニング継続,試合継続,2,井橋俊貴,1,石井雄也,0,0,3,五十嵐雅大,右,2バスター,バスター,失敗,松本航,右,46,馬場龍星,封殺,三進,0,アウト,投球,19,172.65,156.55,ストレート,凡打死,0,6,ゴロ,0,111.35,133.25,0,0,0,0,137,9,上西嵐満,3,大木惇司,6,船山貴大,4,高垣鋭次,7,有住隆哉,D,中村誠,8,宮木紳道,5,松下雄大,2,馬場龍星,松本航,8,石井雄也,7,井橋俊貴,6,五十嵐雅大,D,中村士朗,9,楢原一帆,4,片岡優斗,3,高橋啓太,5,山本司,2,徳田優大,土井大輝,左,,右,,右,,右,,左,,右,,左,,右,,右,,右,,右,,左,,右,,左,,左,,右,,右,,左,,右,,右,,0,1,1,0,1,,,,,,,,,,,,0,0,0,,,,,,,,,,,,,,,,,,,,,大木敦司,高垣鋭次,松下雄大,船山貴大,有住隆哉,宮木紳道,上西嵐満,,,,,,,,,0,
2018/4/1 11:26,春季,リーグ戦,1,1,1,,桜美林大学,日本体育大学,128,4,裏,3,0,0,0,2,打席継続,イニング継続,試合継続,0,0,0,0,1,石井雄也,4,中村士朗,左,0,0,0,松本航,右,47,馬場龍星,0,0,継続,0,投球,19,190.35,227.75,ストレート,ボール,0,0,0,0,0,0,0,0,0,0,147,9,上西嵐満,3,大木惇司,6,船山貴大,4,高垣鋭次,7,有住隆哉,D,中村誠,8,宮木紳道,5,松下雄大,2,馬場龍星,松本航,8,石井雄也,7,井橋俊貴,6,五十嵐雅大,D,中村士朗,9,楢原一帆,4,片岡優斗,3,高橋啓太,5,山本司,2,徳田優大,土井大輝,左,,右,,右,,右,,左,,右,,左,,右,,右,,右,,右,,左,,右,,左,,左,,右,,右,,左,,右,,右,,0,1,1,0,1,,,,,,,,,,,,0,0,0,,,,,,,,,,,,,,,,,,,,,大木敦司,高垣鋭次,松下雄大,船山貴大,有住隆哉,宮木紳道,上西嵐満,,,,,,,,,0,
2018/4/1 11:27,春季,リーグ戦,1,1,1,,桜美林大学,日本体育大学,129,4,裏,3,0,0,1,2,打席継続,イニング継続,試合継続,0,0,0,0,1,石井雄也,4,中村士朗,左,0,0,0,松本航,右,48,馬場龍星,0,0,継続,0,投球,17,144.5,171.45,カット,ファール,0,0,ゴロ,0,196.8,171,0,0,0,0,135,9,上西嵐満,3,大木惇司,6,船山貴大,4,高垣鋭次,7,有住隆哉,D,中村誠,8,宮木紳道,5,松下雄大,2,馬場龍星,松本航,8,石井雄也,7,井橋俊貴,6,五十嵐雅大,D,中村士朗,9,楢原一帆,4,片岡優斗,3,高橋啓太,5,山本司,2,徳田優大,土井大輝,左,,右,,右,,右,,左,,右,,左,,右,,右,,右,,右,,左,,右,,左,,左,,右,,右,,左,,右,,右,,0,1,1,0,1,,,,,,,,,,,,0,0,0,,,,,,,,,,,,,,,,,,,,,大木敦司,高垣鋭次,松下雄大,船山貴大,有住隆哉,宮木紳道,上西嵐満,,,,,,,,,0,
2018/4/1 11:27,春季,リーグ戦,1,1,1,,桜美林大学,日本体育大学,130,4,裏,3,0,1,1,2,打席継続,イニング継続,試合継続,0,0,0,0,1,石井雄也,4,中村士朗,左,0,0,0,松本航,右,49,馬場龍星,0,0,継続,0,投球,17,35.85,41.85,ストレート,ボール,0,0,0,0,0,0,0,0,0,0,147,9,上西嵐満,3,大木惇司,6,船山貴大,4,高垣鋭次,7,有住隆哉,D,中村誠,8,宮木紳道,5,松下雄大,2,馬場龍星,松本航,8,石井雄也,7,井橋俊貴,6,五十嵐雅大,D,中村士朗,9,楢原一帆,4,片岡優斗,3,高橋啓太,5,山本司,2,徳田優大,土井大輝,左,,右,,右,,右,,左,,右,,左,,右,,右,,右,,右,,左,,右,,左,,左,,右,,右,,左,,右,,右,,0,1,1,0,1,,,,,,,,,,,,0,0,0,,,,,,,,,,,,,,,,,,,,,大木敦司,高垣鋭次,松下雄大,船山貴大,有住隆哉,宮木紳道,上西嵐満,,,,,,,,,0,
2018/4/1 11:28,春季,リーグ戦,1,1,1,,桜美林大学,日本体育大学,131,4,裏,3,0,1,2,2,打席完了,イニング継続,試合継続,0,0,0,0,1,石井雄也,4,中村士朗,左,0,0,0,松本航,右,50,馬場龍星,0,0,本進,出塁,投球,17,101.4,163.4,カット,単打,0,8,ゴロ,0,155.8,102.45,0,0,0,0,134,9,上西嵐満,3,大木惇司,6,船山貴大,4,高垣鋭次,7,有住隆哉,D,中村誠,8,宮木紳道,5,松下雄大,2,馬場龍星,松本航,8,石井雄也,7,井橋俊貴,6,五十嵐雅大,D,中村士朗,9,楢原一帆,4,片岡優斗,3,高橋啓太,5,山本司,2,徳田優大,土井大輝,左,,右,,右,,右,,左,,右,,左,,右,,右,,右,,右,,左,,右,,左,,左,,右,,右,,左,,右,,右,,0,1,1,0,1,,,,,,,,,,,,0,0,0,,,,,,,,,,,,,,,,,,,,,大木敦司,高垣鋭次,松下雄大,船山貴大,有住隆哉,宮木紳道,上西嵐満,,,,,,,,,0,
2018/4/1 11:28,春季,リーグ戦,1,1,1,,桜美林大学,日本体育大学,132,4,裏,3,1,0,0,2,打席継続,イニング継続,試合継続,4,中村士朗,0,0,0,0,5,楢原一帆,左,0,0,0,松本航,右,51,馬場龍星,継続,0,0,0,投球,17,65.2,141.65,ストレート,見逃し,0,0,0,0,0,0,0,0,0,0,0,9,上西嵐満,3,大木惇司,6,船山貴大,4,高垣鋭次,7,有住隆哉,D,中村誠,8,宮木紳道,5,松下雄大,2,馬場龍星,松本航,8,石井雄也,7,井橋俊貴,6,五十嵐雅大,D,中村士朗,9,楢原一帆,4,片岡優斗,3,高橋啓太,5,山本司,2,徳田優大,土井大輝,左,,右,,右,,右,,左,,右,,左,,右,,右,,右,,右,,左,,右,,左,,左,,右,,右,,左,,右,,右,,0,1,1,0,1,,,,,,,,,,,,0,0,0,1,,,,,,,,,,,,,,,,,,,,大木敦司,高垣鋭次,松下雄大,船山貴大,有住隆哉,宮木紳道,上西嵐満,,,,,,,,,クイック,
2018/4/1 11:28,春季,リーグ戦,1,1,1,,桜美林大学,日本体育大学,133,4,裏,3,1,1,0,2,打席継続,イニング継続,試合継続,4,中村士朗,0,0,0,0,5,楢原一帆,左,0,0,0,松本航,右,52,馬場龍星,継続,0,0,0,投球,17,72.45,160.55,ツーシーム,空振り,0,0,0,0,0,0,0,0,0,0,0,9,上西嵐満,3,大木惇司,6,船山貴大,4,高垣鋭次,7,有住隆哉,D,中村誠,8,宮木紳道,5,松下雄大,2,馬場龍星,松本航,8,石井雄也,7,井橋俊貴,6,五十嵐雅大,D,中村士朗,9,楢原一帆,4,片岡優斗,3,高橋啓太,5,山本司,2,徳田優大,土井大輝,左,,右,,右,,右,,左,,右,,左,,右,,右,,右,,右,,左,,右,,左,,左,,右,,右,,左,,右,,右,,0,1,1,0,1,,,,,,,,,,,,0,0,0,1,,,,,,,,,,,,,,,,,,,,大木敦司,高垣鋭次,松下雄大,船山貴大,有住隆哉,宮木紳道,上西嵐満,,,,,,,,,クイック,
2018/4/1 11:28,春季,リーグ戦,1,1,1,,桜美林大学,日本体育大学,134,4,裏,3,1,2,0,2,打席継続,イニング継続,試合継続,4,中村士朗,0,0,0,0,5,楢原一帆,左,0,0,0,松本航,右,53,馬場龍星,継続,0,0,0,投球,17,44.3,141.65,ストレート,ボール,0,0,0,0,0,0,0,0,0,0,144,9,上西嵐満,3,大木惇司,6,船山貴大,4,高垣鋭次,7,有住隆哉,D,中村誠,8,宮木紳道,5,松下雄大,2,馬場龍星,松本航,8,石井雄也,7,井橋俊貴,6,五十嵐雅大,D,中村士朗,9,楢原一帆,4,片岡優斗,3,高橋啓太,5,山本司,2,徳田優大,土井大輝,左,,右,,右,,右,,左,,右,,左,,右,,右,,右,,右,,左,,右,,左,,左,,右,,右,,左,,右,,右,,0,1,1,0,1,,,,,,,,,,,,0,0,0,1,,,,,,,,,,,,,,,,,,,,大木敦司,高垣鋭次,松下雄大,船山貴大,有住隆哉,宮木紳道,上西嵐満,,,,,,,,,クイック,
2018/4/1 11:29,春季,リーグ戦,1,1,1,,桜美林大学,日本体育大学,135,4,裏,3,1,2,1,2,打席継続,イニング継続,試合継続,4,中村士朗,0,0,0,0,5,楢原一帆,左,0,0,0,松本航,右,54,馬場龍星,継続,0,0,0,投球,17,91.35,164.6,ツーシーム,ファール,0,0,カット,0,117.65,243.7,0,0,0,0,133,9,上西嵐満,3,大木惇司,6,船山貴大,4,高垣鋭次,7,有住隆哉,D,中村誠,8,宮木紳道,5,松下雄大,2,馬場龍星,松本航,8,石井雄也,7,井橋俊貴,6,五十嵐雅大,D,中村士朗,9,楢原一帆,4,片岡優斗,3,高橋啓太,5,山本司,2,徳田優大,土井大輝,左,,右,,右,,右,,左,,右,,左,,右,,右,,右,,右,,左,,右,,左,,左,,右,,右,,左,,右,,右,,0,1,1,0,1,,,,,,,,,,,,0,0,0,1,,,,,,,,,,,,,,,,,,,,大木敦司,高垣鋭次,松下雄大,船山貴大,有住隆哉,宮木紳道,上西嵐満,,,,,,,,,クイック,
2018/4/1 11:29,春季,リーグ戦,1,1,1,,桜美林大学,日本体育大学,136,4,裏,3,1,2,1,2,打席継続,イニング継続,試合継続,4,中村士朗,0,0,0,0,5,楢原一帆,左,0,0,0,松本航,右,55,馬場龍星,継続,0,0,0,投球,19,95.8,74.05,ストレート,ファール,0,0,カット,0,116.95,237.75,0,0,0,0,140,9,上西嵐満,3,大木惇司,6,船山貴大,4,高垣鋭次,7,有住隆哉,D,中村誠,8,宮木紳道,5,松下雄大,2,馬場龍星,松本航,8,石井雄也,7,井橋俊貴,6,五十嵐雅大,D,中村士朗,9,楢原一帆,4,片岡優斗,3,高橋啓太,5,山本司,2,徳田優大,土井大輝,左,,右,,右,,右,,左,,右,,左,,右,,右,,右,,右,,左,,右,,左,,左,,右,,右,,左,,右,,右,,0,1,1,0,1,,,,,,,,,,,,0,0,0,1,,,,,,,,,,,,,,,,,,,,大木敦司,高垣鋭次,松下雄大,船山貴大,有住隆哉,宮木紳道,上西嵐満,,,,,,,,,クイック,
2018/4/1 11:30,春季,リーグ戦,1,1,1,,桜美林大学,日本体育大学,137,4,裏,3,1,2,1,2,打席完了,イニング完了,試合継続,4,中村士朗,0,0,0,0,5,楢原一帆,左,0,0,0,松本航,右,56,馬場龍星,残留,0,0,アウト,投球,17,75.25,198.8,ストレート,見逃し三振,0,0,0,0,0,0,0,0,0,0,137,9,上西嵐満,3,大木惇司,6,船山貴大,4,高垣鋭次,7,有住隆哉,D,中村誠,8,宮木紳道,5,松下雄大,2,馬場龍星,松本航,8,石井雄也,7,井橋俊貴,6,五十嵐雅大,D,中村士朗,9,楢原一帆,4,片岡優斗,3,高橋啓太,5,山本司,2,徳田優大,土井大輝,左,,右,,右,,右,,左,,右,,左,,右,,右,,右,,右,,左,,右,,左,,左,,右,,右,,左,,右,,右,,0,1,1,0,1,,,,,,,,,,,,0,0,0,1,,,,,,,,,,,,,,,,,,,,大木敦司,高垣鋭次,松下雄大,船山貴大,有住隆哉,宮木紳道,上西嵐満,,,,,,,,,クイック,
2018/4/1 11:31,春季,リーグ戦,1,1,1,,桜美林大学,日本体育大学,138,5,表,3,1,0,0,0,打席継続,イニング開始,試合継続,0,0,0,0,0,0,2,大木惇司,右,0,0,0,土井大輝,右,74,徳田優大,0,0,0,0,投球,19,135.6,245.1,カーブ,ボール,0,0,0,0,0,0,0,0,0,0,106,9,上西嵐満,3,大木惇司,6,船山貴大,4,高垣鋭次,7,有住隆哉,D,中村誠,8,宮木紳道,5,松下雄大,2,馬場龍星,松本航,8,石井雄也,7,井橋俊貴,6,五十嵐雅大,D,中村士朗,9,楢原一帆,4,片岡優斗,3,高橋啓太,5,山本司,2,徳田優大,土井大輝,左,,右,,右,,右,,左,,右,,左,,右,,右,,右,,右,,左,,右,,左,,左,,右,,右,,左,,右,,右,,0,1,1,0,1,,,,,,,,,,,,0,0,0,1,,,,,,,,,,,,,,,,,,,,高橋啓太,片岡優斗,山本司,五十嵐雅大,井橋俊貴,石井雄也,楢原一帆,,,,,,,,,0,
2018/4/1 11:32,春季,リーグ戦,1,1,1,,桜美林大学,日本体育大学,139,5,表,3,1,0,1,0,打席完了,イニング継続,試合継続,0,0,0,0,0,0,2,大木惇司,右,0,0,0,土井大輝,右,75,徳田優大,0,0,0,アウト,投球,19,117.5,147.3,ツーシーム,凡打死,0,7,フライ,0,94.9,112.25,0,0,0,0,123,9,上西嵐満,3,大木惇司,6,船山貴大,4,高垣鋭次,7,有住隆哉,D,中村誠,8,宮木紳道,5,松下雄大,2,馬場龍星,松本航,8,石井雄也,7,井橋俊貴,6,五十嵐雅大,D,中村士朗,9,楢原一帆,4,片岡優斗,3,高橋啓太,5,山本司,2,徳田優大,土井大輝,左,,右,,右,,右,,左,,右,,左,,右,,右,,右,,右,,左,,右,,左,,左,,右,,右,,左,,右,,右,,0,1,1,0,1,,,,,,,,,,,,0,0,0,1,,,,,,,,,,,,,,,,,,,,高橋啓太,片岡優斗,山本司,五十嵐雅大,井橋俊貴,石井雄也,楢原一帆,,,,,,,,,0,
2018/4/1 11:32,春季,リーグ戦,1,1,1,,桜美林大学,日本体育大学,140,5,表,3,1,0,0,1,打席継続,イニング継続,試合継続,0,0,0,0,0,0,3,船山貴大,右,0,0,0,土井大輝,右,76,徳田優大,0,0,0,0,投球,19,98.2,170.6,スライダー,見逃し,0,0,0,0,0,0,0,0,0,0,0,9,上西嵐満,3,大木惇司,6,船山貴大,4,高垣鋭次,7,有住隆哉,D,中村誠,8,宮木紳道,5,松下雄大,2,馬場龍星,松本航,8,石井雄也,7,井橋俊貴,6,五十嵐雅大,D,中村士朗,9,楢原一帆,4,片岡優斗,3,高橋啓太,5,山本司,2,徳田優大,土井大輝,左,,右,,右,,右,,左,,右,,左,,右,,右,,右,,右,,左,,右,,左,,左,,右,,右,,左,,右,,右,,0,1,1,0,1,,,,,,,,,,,,0,0,0,1,,,,,,,,,,,,,,,,,,,,高橋啓太,片岡優斗,山本司,五十嵐雅大,井橋俊貴,石井雄也,楢原一帆,,,,,,,,,0,
2018/4/1 11:32,春季,リーグ戦,1,1,1,,桜美林大学,日本体育大学,141,5,表,3,1,1,0,1,打席継続,イニング継続,試合継続,0,0,0,0,0,0,3,船山貴大,右,0,0,0,土井大輝,右,77,徳田優大,0,0,0,0,投球,19,175.05,238.65,スライダー,ボール,0,0,0,0,0,0,0,0,0,0,0,9,上西嵐満,3,大木惇司,6,船山貴大,4,高垣鋭次,7,有住隆哉,D,中村誠,8,宮木紳道,5,松下雄大,2,馬場龍星,松本航,8,石井雄也,7,井橋俊貴,6,五十嵐雅大,D,中村士朗,9,楢原一帆,4,片岡優斗,3,高橋啓太,5,山本司,2,徳田優大,土井大輝,左,,右,,右,,右,,左,,右,,左,,右,,右,,右,,右,,左,,右,,左,,左,,右,,右,,左,,右,,右,,0,1,1,0,1,,,,,,,,,,,,0,0,0,1,,,,,,,,,,,,,,,,,,,,高橋啓太,片岡優斗,山本司,五十嵐雅大,井橋俊貴,石井雄也,楢原一帆,,,,,,,,,0,
2018/4/1 11:33,春季,リーグ戦,1,1,1,,桜美林大学,日本体育大学,142,5,表,3,1,1,1,1,打席完了,イニング継続,試合継続,0,0,0,0,0,0,3,船山貴大,右,0,0,0,土井大輝,右,78,徳田優大,0,0,0,出塁,投球,19,101.8,142.85,カーブ,単打,0,7,ゴロ,0,89.65,137.05,0,0,0,0,101,9,上西嵐満,3,大木惇司,6,船山貴大,4,高垣鋭次,7,有住隆哉,D,中村誠,8,宮木紳道,5,松下雄大,2,馬場龍星,松本航,8,石井雄也,7,井橋俊貴,6,五十嵐雅大,D,中村士朗,9,楢原一帆,4,片岡優斗,3,高橋啓太,5,山本司,2,徳田優大,土井大輝,左,,右,,右,,右,,左,,右,,左,,右,,右,,右,,右,,左,,右,,左,,左,,右,,右,,左,,右,,右,,0,1,1,0,1,,,,,,,,,,,,0,0,0,1,,,,,,,,,,,,,,,,,,,,高橋啓太,片岡優斗,山本司,五十嵐雅大,井橋俊貴,石井雄也,楢原一帆,,,,,,,,,0,
2018/4/1 11:33,春季,リーグ戦,1,1,1,,桜美林大学,日本体育大学,143,5,表,3,1,0,0,1,打席継続,イニング継続,試合継続,3,船山貴大,0,0,0,0,4,高垣鋭次,右,0,0,0,土井大輝,右,79,徳田優大,継続,0,0,0,牽制,0,0,0,0,0,0,0,0,0,0,0,一塁牽制,ターン,0,0,0,9,上西嵐満,3,大木惇司,6,船山貴大,4,高垣鋭次,7,有住隆哉,D,中村誠,8,宮木紳道,5,松下雄大,2,馬場龍星,松本航,8,石井雄也,7,井橋俊貴,6,五十嵐雅大,D,中村士朗,9,楢原一帆,4,片岡優斗,3,高橋啓太,5,山本司,2,徳田優大,土井大輝,左,,右,,右,,右,,左,,右,,左,,右,,右,,右,,右,,左,,右,,左,,左,,右,,右,,左,,右,,右,,0,1,1,0,1,,,,,,,,,,,,0,0,0,1,,,,,,,,,,,,,,,,,,,,高橋啓太,片岡優斗,山本司,五十嵐雅大,井橋俊貴,石井雄也,楢原一帆,,,,,,,,,クイック,
2018/4/1 11:33,春季,リーグ戦,1,1,1,,桜美林大学,日本体育大学,144,5,表,3,1,0,0,1,打席継続,イニング継続,試合継続,3,船山貴大,0,0,0,0,4,高垣鋭次,右,0,0,0,土井大輝,右,79,徳田優大,継続,0,0,0,投球,19,222.15,201.2,ストレート,ボール,0,0,0,0,0,0,0,0,0,0,130,9,上西嵐満,3,大木惇司,6,船山貴大,4,高垣鋭次,7,有住隆哉,D,中村誠,8,宮木紳道,5,松下雄大,2,馬場龍星,松本航,8,石井雄也,7,井橋俊貴,6,五十嵐雅大,D,中村士朗,9,楢原一帆,4,片岡優斗,3,高橋啓太,5,山本司,2,徳田優大,土井大輝,左,,右,,右,,右,,左,,右,,左,,右,,右,,右,,右,,左,,右,,左,,左,,右,,右,,左,,右,,右,,0,1,1,0,1,,,,,,,,,,,,0,0,0,1,,,,,,,,,,,,,,,,,,,,高橋啓太,片岡優斗,山本司,五十嵐雅大,井橋俊貴,石井雄也,楢原一帆,,,,,,,,,クイック,
2018/4/1 11:33,春季,リーグ戦,1,1,1,,桜美林大学,日本体育大学,145,5,表,3,1,0,1,1,打席継続,イニング継続,試合継続,3,船山貴大,0,0,0,0,4,高垣鋭次,右,4エンドラン系,HAR,ファール,土井大輝,右,80,徳田優大,継続,0,0,0,投球,19,90.55,161.75,スライダー,ファール,0,0,ゴロ,0,60.2,186.4,0,0,0,0,0,9,上西嵐満,3,大木惇司,6,船山貴大,4,高垣鋭次,7,有住隆哉,D,中村誠,8,宮木紳道,5,松下雄大,2,馬場龍星,松本航,8,石井雄也,7,井橋俊貴,6,五十嵐雅大,D,中村士朗,9,楢原一帆,4,片岡優斗,3,高橋啓太,5,山本司,2,徳田優大,土井大輝,左,,右,,右,,右,,左,,右,,左,,右,,右,,右,,右,,左,,右,,左,,左,,右,,右,,左,,右,,右,,0,1,1,0,1,,,,,,,,,,,,0,0,0,1,,,,,,,,,,,,,,,,,,,,高橋啓太,片岡優斗,山本司,五十嵐雅大,井橋俊貴,石井雄也,楢原一帆,,,,,,,,,クイック,
2018/4/1 11:35,春季,リーグ戦,1,1,1,,桜美林大学,日本体育大学,146,5,表,3,1,1,1,1,打席完了,イニング継続,試合継続,3,船山貴大,0,0,0,0,4,高垣鋭次,右,4エンドラン系,HAR,失敗,土井大輝,右,81,徳田優大,継続,0,0,アウト,投球,19,121.1,177.1,スライダー,凡打死,0,9,フライ,0,182.05,98.95,0,0,0,0,0,9,上西嵐満,3,大木惇司,6,船山貴大,4,高垣鋭次,7,有住隆哉,D,中村誠,8,宮木紳道,5,松下雄大,2,馬場龍星,松本航,8,石井雄也,7,井橋俊貴,6,五十嵐雅大,D,中村士朗,9,楢原一帆,4,片岡優斗,3,高橋啓太,5,山本司,2,徳田優大,土井大輝,左,,右,,右,,右,,左,,右,,左,,右,,右,,右,,右,,左,,右,,左,,左,,右,,右,,左,,右,,右,,0,1,1,0,1,,,,,,,,,,,,0,0,0,1,,,,,,,,,,,,,,,,,,,,高橋啓太,片岡優斗,山本司,五十嵐雅大,井橋俊貴,石井雄也,楢原一帆,,,,,,,,,クイック,
2018/4/1 11:35,春季,リーグ戦,1,1,1,,桜美林大学,日本体育大学,147,5,表,3,1,0,0,2,打席継続,イニング完了,試合継続,3,船山貴大,0,0,0,0,5,有住隆哉,左,5盗塁,盗塁,失敗,土井大輝,右,82,徳田優大,封殺,0,0,0,投球,17,97.8,40.65,ツーシーム,ボール,0,0,0,0,0,0,0,0,0,0,123,9,上西嵐満,3,大木惇司,6,船山貴大,4,高垣鋭次,7,有住隆哉,D,中村誠,8,宮木紳道,5,松下雄大,2,馬場龍星,松本航,8,石井雄也,7,井橋俊貴,6,五十嵐雅大,D,中村士朗,9,楢原一帆,4,片岡優斗,3,高橋啓太,5,山本司,2,徳田優大,土井大輝,左,,右,,右,,右,,左,,右,,左,,右,,右,,右,,右,,左,,右,,左,,左,,右,,右,,左,,右,,右,,0,1,1,0,1,,,,,,,,,,,,0,0,0,1,,,,,,,,,,,,,,,,,,,,高橋啓太,片岡優斗,山本司,五十嵐雅大,井橋俊貴,石井雄也,楢原一帆,,,,,,,,,クイック,
2018/4/1 11:36,春季,リーグ戦,1,1,1,,桜美林大学,日本体育大学,148,5,裏,3,1,0,0,0,打席継続,イニング開始,試合継続,0,0,0,0,0,0,6,片岡優斗,右,0,0,0,松本航,右,57,馬場龍星,0,0,0,0,投球,19,169.8,166.2,ストレート,ファール,0,0,カット,0,140.75,232.85,0,0,0,0,0,9,上西嵐満,3,大木惇司,6,船山貴大,4,高垣鋭次,7,有住隆哉,D,中村誠,8,宮木紳道,5,松下雄大,2,馬場龍星,松本航,8,石井雄也,7,井橋俊貴,6,五十嵐雅大,D,中村士朗,9,楢原一帆,4,片岡優斗,3,高橋啓太,5,山本司,2,徳田優大,土井大輝,左,,右,,右,,右,,左,,右,,左,,右,,右,,右,,右,,左,,右,,左,,左,,右,,右,,左,,右,,右,,0,1,1,0,1,0,,,,,,,,,,,0,0,0,1,,,,,,,,,,,,,,,,,,,,大木敦司,高垣鋭次,松下雄大,船山貴大,有住隆哉,宮木紳道,上西嵐満,,,,,,,,,0,
2018/4/1 11:36,春季,リーグ戦,1,1,1,,桜美林大学,日本体育大学,149,5,裏,3,1,1,0,0,打席継続,イニング継続,試合継続,0,0,0,0,0,0,6,片岡優斗,右,0,0,0,松本航,右,58,馬場龍星,0,0,0,0,投球,19,200.4,226.55,ストレート,ボール,0,0,0,0,0,0,0,0,0,0,129,9,上西嵐満,3,大木惇司,6,船山貴大,4,高垣鋭次,7,有住隆哉,D,中村誠,8,宮木紳道,5,松下雄大,2,馬場龍星,松本航,8,石井雄也,7,井橋俊貴,6,五十嵐雅大,D,中村士朗,9,楢原一帆,4,片岡優斗,3,高橋啓太,5,山本司,2,徳田優大,土井大輝,左,,右,,右,,右,,左,,右,,左,,右,,右,,右,,右,,左,,右,,左,,左,,右,,右,,左,,右,,右,,0,1,1,0,1,0,,,,,,,,,,,0,0,0,1,,,,,,,,,,,,,,,,,,,,大木敦司,高垣鋭次,松下雄大,船山貴大,有住隆哉,宮木紳道,上西嵐満,,,,,,,,,0,
2018/4/1 11:37,春季,リーグ戦,1,1,1,,桜美林大学,日本体育大学,150,5,裏,3,1,1,1,0,打席継続,イニング継続,試合継続,0,0,0,0,0,0,6,片岡優斗,右,0,0,0,松本航,右,59,馬場龍星,0,0,0,0,投球,19,214.9,41.85,ストレート,ボール,0,0,0,0,0,0,0,0,0,0,130,9,上西嵐満,3,大木惇司,6,船山貴大,4,高垣鋭次,7,有住隆哉,D,中村誠,8,宮木紳道,5,松下雄大,2,馬場龍星,松本航,8,石井雄也,7,井橋俊貴,6,五十嵐雅大,D,中村士朗,9,楢原一帆,4,片岡優斗,3,高橋啓太,5,山本司,2,徳田優大,土井大輝,左,,右,,右,,右,,左,,右,,左,,右,,右,,右,,右,,左,,右,,左,,左,,右,,右,,左,,右,,右,,0,1,1,0,1,0,,,,,,,,,,,0,0,0,1,,,,,,,,,,,,,,,,,,,,大木敦司,高垣鋭次,松下雄大,船山貴大,有住隆哉,宮木紳道,上西嵐満,,,,,,,,,0,
2018/4/1 11:37,春季,リーグ戦,1,1,1,,桜美林大学,日本体育大学,151,5,裏,3,1,1,2,0,打席継続,イニング継続,試合継続,0,0,0,0,0,0,6,片岡優斗,右,0,0,0,松本航,右,60,馬場龍星,0,0,0,0,投球,19,66,148.5,ストレート,見逃し,0,0,0,0,0,0,0,0,0,0,135,9,上西嵐満,3,大木惇司,6,船山貴大,4,高垣鋭次,7,有住隆哉,D,中村誠,8,宮木紳道,5,松下雄大,2,馬場龍星,松本航,8,石井雄也,7,井橋俊貴,6,五十嵐雅大,D,中村士朗,9,楢原一帆,4,片岡優斗,3,高橋啓太,5,山本司,2,徳田優大,土井大輝,左,,右,,右,,右,,左,,右,,左,,右,,右,,右,,右,,左,,右,,左,,左,,右,,右,,左,,右,,右,,0,1,1,0,1,0,,,,,,,,,,,0,0,0,1,,,,,,,,,,,,,,,,,,,,大木敦司,高垣鋭次,松下雄大,船山貴大,有住隆哉,宮木紳道,上西嵐満,,,,,,,,,0,
2018/4/1 11:38,春季,リーグ戦,1,1,1,,桜美林大学,日本体育大学,152,5,裏,3,1,2,2,0,打席継続,イニング継続,試合継続,0,0,0,0,0,0,6,片岡優斗,右,0,0,0,松本航,右,61,馬場龍星,0,0,0,0,投球,19,168.6,144.5,ツーシーム,ファール,0,0,カット,0,142.5,233.9,0,0,0,0,131,9,上西嵐満,3,大木惇司,6,船山貴大,4,高垣鋭次,7,有住隆哉,D,中村誠,8,宮木紳道,5,松下雄大,2,馬場龍星,松本航,8,石井雄也,7,井橋俊貴,6,五十嵐雅大,D,中村士朗,9,楢原一帆,4,片岡優斗,3,高橋啓太,5,山本司,2,徳田優大,土井大輝,左,,右,,右,,右,,左,,右,,左,,右,,右,,右,,右,,左,,右,,左,,左,,右,,右,,左,,右,,右,,0,1,1,0,1,0,,,,,,,,,,,0,0,0,1,,,,,,,,,,,,,,,,,,,,大木敦司,高垣鋭次,松下雄大,船山貴大,有住隆哉,宮木紳道,上西嵐満,,,,,,,,,0,
2018/4/1 11:38,春季,リーグ戦,1,1,1,,桜美林大学,日本体育大学,153,5,裏,3,1,2,2,0,打席継続,イニング継続,試合継続,0,0,0,0,0,0,6,片岡優斗,右,0,0,0,松本航,右,62,馬場龍星,0,0,0,0,投球,19,198,245.5,カット,ボール,0,0,0,0,0,0,0,0,0,0,134,9,上西嵐満,3,大木惇司,6,船山貴大,4,高垣鋭次,7,有住隆哉,D,中村誠,8,宮木紳道,5,松下雄大,2,馬場龍星,松本航,8,石井雄也,7,井橋俊貴,6,五十嵐雅大,D,中村士朗,9,楢原一帆,4,片岡優斗,3,高橋啓太,5,山本司,2,徳田優大,土井大輝,左,,右,,右,,右,,左,,右,,左,,右,,右,,右,,右,,左,,右,,左,,左,,右,,右,,左,,右,,右,,0,1,1,0,1,0,,,,,,,,,,,0,0,0,1,,,,,,,,,,,,,,,,,,,,大木敦司,高垣鋭次,松下雄大,船山貴大,有住隆哉,宮木紳道,上西嵐満,,,,,,,,,0,
2018/4/1 11:38,春季,リーグ戦,1,1,1,,桜美林大学,日本体育大学,154,5,裏,3,1,2,3,0,打席完了,イニング継続,試合継続,0,0,0,0,0,0,6,片岡優斗,右,0,0,0,松本航,右,63,馬場龍星,0,0,0,アウト,投球,19,218.9,144.9,ストレート,空振り三振,0,0,0,0,0,0,0,0,0,0,143,9,上西嵐満,3,大木惇司,6,船山貴大,4,高垣鋭次,7,有住隆哉,D,中村誠,8,宮木紳道,5,松下雄大,2,馬場龍星,松本航,8,石井雄也,7,井橋俊貴,6,五十嵐雅大,D,中村士朗,9,楢原一帆,4,片岡優斗,3,高橋啓太,5,山本司,2,徳田優大,土井大輝,左,,右,,右,,右,,左,,右,,左,,右,,右,,右,,右,,左,,右,,左,,左,,右,,右,,左,,右,,右,,0,1,1,0,1,0,,,,,,,,,,,0,0,0,1,,,,,,,,,,,,,,,,,,,,大木敦司,高垣鋭次,松下雄大,船山貴大,有住隆哉,宮木紳道,上西嵐満,,,,,,,,,0,
2018/4/1 11:38,春季,リーグ戦,1,1,1,,桜美林大学,日本体育大学,155,5,裏,3,1,0,0,1,打席継続,イニング継続,試合継続,0,0,0,0,0,0,7,高橋啓太,右,0,0,0,松本航,右,64,馬場龍星,0,0,0,0,投球,17,77.25,227.35,ツーシーム,ボール,0,0,0,0,0,0,0,0,0,0,130,9,上西嵐満,3,大木惇司,6,船山貴大,4,高垣鋭次,7,有住隆哉,D,中村誠,8,宮木紳道,5,松下雄大,2,馬場龍星,松本航,8,石井雄也,7,井橋俊貴,6,五十嵐雅大,D,中村士朗,9,楢原一帆,4,片岡優斗,3,高橋啓太,5,山本司,2,徳田優大,土井大輝,左,,右,,右,,右,,左,,右,,左,,右,,右,,右,,右,,左,,右,,左,,左,,右,,右,,左,,右,,右,,0,1,1,0,1,0,,,,,,,,,,,0,0,0,1,,,,,,,,,,,,,,,,,,,,大木敦司,高垣鋭次,松下雄大,船山貴大,有住隆哉,宮木紳道,上西嵐満,,,,,,,,,0,
2018/4/1 11:38,春季,リーグ戦,1,1,1,,桜美林大学,日本体育大学,156,5,裏,3,1,0,1,1,打席継続,イニング継続,試合継続,0,0,0,0,0,0,7,高橋啓太,右,0,0,0,松本航,右,65,馬場龍星,0,0,0,0,投球,19,108.25,191.15,ストレート,見逃し,0,0,0,0,0,0,0,0,0,0,0,9,上西嵐満,3,大木惇司,6,船山貴大,4,高垣鋭次,7,有住隆哉,D,中村誠,8,宮木紳道,5,松下雄大,2,馬場龍星,松本航,8,石井雄也,7,井橋俊貴,6,五十嵐雅大,D,中村士朗,9,楢原一帆,4,片岡優斗,3,高橋啓太,5,山本司,2,徳田優大,土井大輝,左,,右,,右,,右,,左,,右,,左,,右,,右,,右,,右,,左,,右,,左,,左,,右,,右,,左,,右,,右,,0,1,1,0,1,0,,,,,,,,,,,0,0,0,1,,,,,,,,,,,,,,,,,,,,大木敦司,高垣鋭次,松下雄大,船山貴大,有住隆哉,宮木紳道,上西嵐満,,,,,,,,,0,
2018/4/1 11:39,春季,リーグ戦,1,1,1,,桜美林大学,日本体育大学,157,5,裏,3,1,1,1,1,打席継続,イニング継続,試合継続,0,0,0,0,0,0,7,高橋啓太,右,0,0,0,松本航,右,66,馬場龍星,0,0,0,0,投球,19,170.2,164.2,カット,ファール,0,0,カット,0,148.45,225.2,0,0,0,0,134,9,上西嵐満,3,大木惇司,6,船山貴大,4,高垣鋭次,7,有住隆哉,D,中村誠,8,宮木紳道,5,松下雄大,2,馬場龍星,松本航,8,石井雄也,7,井橋俊貴,6,五十嵐雅大,D,中村士朗,9,楢原一帆,4,片岡優斗,3,高橋啓太,5,山本司,2,徳田優大,土井大輝,左,,右,,右,,右,,左,,右,,左,,右,,右,,右,,右,,左,,右,,左,,左,,右,,右,,左,,右,,右,,0,1,1,0,1,0,,,,,,,,,,,0,0,0,1,,,,,,,,,,,,,,,,,,,,大木敦司,高垣鋭次,松下雄大,船山貴大,有住隆哉,宮木紳道,上西嵐満,,,,,,,,,0,
2018/4/1 11:40,春季,リーグ戦,1,1,1,,桜美林大学,日本体育大学,158,5,裏,3,1,2,1,1,打席完了,イニング継続,試合継続,0,0,0,0,0,0,7,高橋啓太,右,0,0,0,松本航,右,67,馬場龍星,0,0,0,アウト,投球,19,91.35,145.65,ストレート,凡打死,0,4,ゴロ,0,151.95,148.6,0,0,0,0,0,9,上西嵐満,3,大木惇司,6,船山貴大,4,高垣鋭次,7,有住隆哉,D,中村誠,8,宮木紳道,5,松下雄大,2,馬場龍星,松本航,8,石井雄也,7,井橋俊貴,6,五十嵐雅大,D,中村士朗,9,楢原一帆,4,片岡優斗,3,高橋啓太,5,山本司,2,徳田優大,土井大輝,左,,右,,右,,右,,左,,右,,左,,右,,右,,右,,右,,左,,右,,左,,左,,右,,右,,左,,右,,右,,0,1,1,0,1,0,,,,,,,,,,,0,0,0,1,,,,,,,,,,,,,,,,,,,,大木敦司,高垣鋭次,松下雄大,船山貴大,有住隆哉,宮木紳道,上西嵐満,,,,,,,,,0,
2018/4/1 11:40,春季,リーグ戦,1,1,1,,桜美林大学,日本体育大学,159,5,裏,3,1,0,0,2,打席継続,イニング継続,試合継続,0,0,0,0,0,0,8,山本司,左,0,0,0,松本航,右,68,馬場龍星,0,0,0,0,投球,19,172.25,183.9,ストレート,見逃し,0,0,0,0,0,0,0,0,0,0,0,9,上西嵐満,3,大木惇司,6,船山貴大,4,高垣鋭次,7,有住隆哉,D,中村誠,8,宮木紳道,5,松下雄大,2,馬場龍星,松本航,8,石井雄也,7,井橋俊貴,6,五十嵐雅大,D,中村士朗,9,楢原一帆,4,片岡優斗,3,高橋啓太,5,山本司,2,徳田優大,土井大輝,左,,右,,右,,右,,左,,右,,左,,右,,右,,右,,右,,左,,右,,左,,左,,右,,右,,左,,右,,右,,0,1,1,0,1,0,,,,,,,,,,,0,0,0,1,,,,,,,,,,,,,,,,,,,,大木敦司,高垣鋭次,松下雄大,船山貴大,有住隆哉,宮木紳道,上西嵐満,,,,,,,,,0,
2018/4/1 11:40,春季,リーグ戦,1,1,1,,桜美林大学,日本体育大学,160,5,裏,3,1,1,0,2,打席継続,イニング継続,試合継続,0,0,0,0,0,0,8,山本司,左,0,0,0,松本航,右,69,馬場龍星,0,0,0,0,投球,17,149.3,238.65,スライダー,ボール,0,0,0,0,0,0,0,0,0,0,127,9,上西嵐満,3,大木惇司,6,船山貴大,4,高垣鋭次,7,有住隆哉,D,中村誠,8,宮木紳道,5,松下雄大,2,馬場龍星,松本航,8,石井雄也,7,井橋俊貴,6,五十嵐雅大,D,中村士朗,9,楢原一帆,4,片岡優斗,3,高橋啓太,5,山本司,2,徳田優大,土井大輝,左,,右,,右,,右,,左,,右,,左,,右,,右,,右,,右,,左,,右,,左,,左,,右,,右,,左,,右,,右,,0,1,1,0,1,0,,,,,,,,,,,0,0,0,1,,,,,,,,,,,,,,,,,,,,大木敦司,高垣鋭次,松下雄大,船山貴大,有住隆哉,宮木紳道,上西嵐満,,,,,,,,,0,
2018/4/1 11:40,春季,リーグ戦,1,1,1,,桜美林大学,日本体育大学,161,5,裏,3,1,1,1,2,打席継続,イニング継続,試合継続,0,0,0,0,0,0,8,山本司,左,0,0,0,松本航,右,70,馬場龍星,0,0,0,0,投球,19,161,69.6,ストレート,ファール,0,0,ライナー,0,198.9,166.8,0,0,0,0,0,9,上西嵐満,3,大木惇司,6,船山貴大,4,高垣鋭次,7,有住隆哉,D,中村誠,8,宮木紳道,5,松下雄大,2,馬場龍星,松本航,8,石井雄也,7,井橋俊貴,6,五十嵐雅大,D,中村士朗,9,楢原一帆,4,片岡優斗,3,高橋啓太,5,山本司,2,徳田優大,土井大輝,左,,右,,右,,右,,左,,右,,左,,右,,右,,右,,右,,左,,右,,左,,左,,右,,右,,左,,右,,右,,0,1,1,0,1,0,,,,,,,,,,,0,0,0,1,,,,,,,,,,,,,,,,,,,,大木敦司,高垣鋭次,松下雄大,船山貴大,有住隆哉,宮木紳道,上西嵐満,,,,,,,,,0,
2018/4/1 11:41,春季,リーグ戦,1,1,1,,桜美林大学,日本体育大学,162,5,裏,3,1,2,1,2,打席完了,イニング継続,試合継続,0,0,0,0,0,0,8,山本司,左,0,0,0,松本航,右,71,馬場龍星,0,0,0,二進,投球,17,112.7,181.1,フォーク,二塁打,0,9,ゴロ,0,201.3,139.15,0,0,0,0,128,9,上西嵐満,3,大木惇司,6,船山貴大,4,高垣鋭次,7,有住隆哉,D,中村誠,8,宮木紳道,5,松下雄大,2,馬場龍星,松本航,8,石井雄也,7,井橋俊貴,6,五十嵐雅大,D,中村士朗,9,楢原一帆,4,片岡優斗,3,高橋啓太,5,山本司,2,徳田優大,土井大輝,左,,右,,右,,右,,左,,右,,左,,右,,右,,右,,右,,左,,右,,左,,左,,右,,右,,左,,右,,右,,0,1,1,0,1,0,,,,,,,,,,,0,0,0,1,,,,,,,,,,,,,,,,,,,,大木敦司,高垣鋭次,松下雄大,船山貴大,有住隆哉,宮木紳道,上西嵐満,,,,,,,,,0,
2018/4/1 11:41,春季,リーグ戦,1,1,1,,桜美林大学,日本体育大学,163,5,裏,3,1,0,0,2,打席継続,イニング継続,試合継続,0,0,8,山本司,0,0,9,徳田優大,右,0,0,0,松本航,右,72,馬場龍星,0,継続,0,0,投球,19,161.75,199.6,ストレート,見逃し,0,0,0,0,0,0,0,0,0,0,139,9,上西嵐満,3,大木惇司,6,船山貴大,4,高垣鋭次,7,有住隆哉,D,中村誠,8,宮木紳道,5,松下雄大,2,馬場龍星,松本航,8,石井雄也,7,井橋俊貴,6,五十嵐雅大,D,中村士朗,9,楢原一帆,4,片岡優斗,3,高橋啓太,5,山本司,2,徳田優大,土井大輝,左,,右,,右,,右,,左,,右,,左,,右,,右,,右,,右,,左,,右,,左,,左,,右,,右,,左,,右,,右,,0,1,1,0,1,0,,,,,,,,,,,0,0,0,1,,,,,,,,,,,,,,,,,,,,大木敦司,高垣鋭次,松下雄大,船山貴大,有住隆哉,宮木紳道,上西嵐満,,,,,,,,,0,
2018/4/1 11:42,春季,リーグ戦,1,1,1,,桜美林大学,日本体育大学,164,5,裏,3,1,1,0,2,打席継続,イニング継続,試合継続,0,0,8,山本司,0,0,9,徳田優大,右,0,0,0,松本航,右,73,馬場龍星,0,継続,0,0,投球,19,177.5,198.8,カット,見逃し,0,0,0,0,0,0,0,0,0,0,0,9,上西嵐満,3,大木惇司,6,船山貴大,4,高垣鋭次,7,有住隆哉,D,中村誠,8,宮木紳道,5,松下雄大,2,馬場龍星,松本航,8,石井雄也,7,井橋俊貴,6,五十嵐雅大,D,中村士朗,9,楢原一帆,4,片岡優斗,3,高橋啓太,5,山本司,2,徳田優大,土井大輝,左,,右,,右,,右,,左,,右,,左,,右,,右,,右,,右,,左,,右,,左,,左,,右,,右,,左,,右,,右,,0,1,1,0,1,0,,,,,,,,,,,0,0,0,1,,,,,,,,,,,,,,,,,,,,大木敦司,高垣鋭次,松下雄大,船山貴大,有住隆哉,宮木紳道,上西嵐満,,,,,,,,,0,
2018/4/1 11:42,春季,リーグ戦,1,1,1,,桜美林大学,日本体育大学,165,5,裏,3,1,2,0,2,打席完了,イニング完了,試合継続,0,0,8,山本司,0,0,9,徳田優大,右,0,0,0,松本航,右,74,馬場龍星,0,残留,0,アウト,投球,19,161.4,44.65,ストレート,空振り三振,0,0,0,0,0,0,0,0,0,0,0,9,上西嵐満,3,大木惇司,6,船山貴大,4,高垣鋭次,7,有住隆哉,D,中村誠,8,宮木紳道,5,松下雄大,2,馬場龍星,松本航,8,石井雄也,7,井橋俊貴,6,五十嵐雅大,D,中村士朗,9,楢原一帆,4,片岡優斗,3,高橋啓太,5,山本司,2,徳田優大,土井大輝,左,,右,,右,,右,,左,,右,,左,,右,,右,,右,,右,,左,,右,,左,,左,,右,,右,,左,,右,,右,,0,1,1,0,1,0,,,,,,,,,,,0,0,0,1,,,,,,,,,,,,,,,,,,,,大木敦司,高垣鋭次,松下雄大,船山貴大,有住隆哉,宮木紳道,上西嵐満,,,,,,,,,0,
2018/4/1 11:50,春季,リーグ戦,1,1,1,,桜美林大学,日本体育大学,166,6,表,3,1,0,0,0,打席継続,イニング開始,試合継続,0,0,0,0,0,0,5,有住隆哉,左,0,0,0,土井大輝,右,83,徳田優大,0,0,0,0,投球,19,175.45,181.1,ストレート,見逃し,0,0,0,0,0,0,0,0,0,0,130,9,上西嵐満,3,大木惇司,6,船山貴大,4,高垣鋭次,7,有住隆哉,D,中村誠,8,宮木紳道,5,松下雄大,2,馬場龍星,松本航,8,石井雄也,7,井橋俊貴,6,五十嵐雅大,D,中村士朗,9,楢原一帆,4,片岡優斗,3,高橋啓太,5,山本司,2,徳田優大,土井大輝,左,,右,,右,,右,,左,,右,,左,,右,,右,,右,,右,,左,,右,,左,,左,,右,,右,,左,,右,,右,,0,1,1,0,1,0,,,,,,,,,,,0,0,0,1,0,,,,,,,,,,,,,,,,,,,高橋啓太,片岡優斗,山本司,五十嵐雅大,井橋俊貴,石井雄也,楢原一帆,,,,,,,,,0,
2018/4/1 11:50,春季,リーグ戦,1,1,1,,桜美林大学,日本体育大学,167,6,表,3,1,1,0,0,打席完了,イニング継続,試合継続,0,0,0,0,0,0,5,有住隆哉,左,0,0,0,土井大輝,右,84,徳田優大,0,0,0,アウト,投球,17,112.7,170.2,カーブ,凡打死,0,7,フライ,0,93.85,113.65,0,0,0,0,110,9,上西嵐満,3,大木惇司,6,船山貴大,4,高垣鋭次,7,有住隆哉,D,中村誠,8,宮木紳道,5,松下雄大,2,馬場龍星,松本航,8,石井雄也,7,井橋俊貴,6,五十嵐雅大,D,中村士朗,9,楢原一帆,4,片岡優斗,3,高橋啓太,5,山本司,2,徳田優大,土井大輝,左,,右,,右,,右,,左,,右,,左,,右,,右,,右,,右,,左,,右,,左,,左,,右,,右,,左,,右,,右,,0,1,1,0,1,0,,,,,,,,,,,0,0,0,1,0,,,,,,,,,,,,,,,,,,,高橋啓太,片岡優斗,山本司,五十嵐雅大,井橋俊貴,石井雄也,楢原一帆,,,,,,,,,0,
2018/4/1 11:50,春季,リーグ戦,1,1,1,,桜美林大学,日本体育大学,168,6,表,3,1,0,0,1,打席継続,イニング継続,試合継続,0,0,0,0,0,0,6,中村誠,右,0,0,0,土井大輝,右,85,徳田優大,0,0,0,0,投球,19,149.3,65.2,ストレート,ファール,0,0,カット,0,157.2,232.2,0,0,0,0,129,9,上西嵐満,3,大木惇司,6,船山貴大,4,高垣鋭次,7,有住隆哉,D,中村誠,8,宮木紳道,5,松下雄大,2,馬場龍星,松本航,8,石井雄也,7,井橋俊貴,6,五十嵐雅大,D,中村士朗,9,楢原一帆,4,片岡優斗,3,高橋啓太,5,山本司,2,徳田優大,土井大輝,左,,右,,右,,右,,左,,右,,左,,右,,右,,右,,右,,左,,右,,左,,左,,右,,右,,左,,右,,右,,0,1,1,0,1,0,,,,,,,,,,,0,0,0,1,0,,,,,,,,,,,,,,,,,,,高橋啓太,片岡優斗,山本司,五十嵐雅大,井橋俊貴,石井雄也,楢原一帆,,,,,,,,,0,
2018/4/1 11:51,春季,リーグ戦,1,1,1,,桜美林大学,日本体育大学,169,6,表,3,1,1,0,1,打席継続,イニング継続,試合継続,0,0,0,0,0,0,6,中村誠,右,0,0,0,土井大輝,右,86,徳田優大,0,0,0,0,投球,19,200,107.05,ストレート,空振り,0,0,0,0,0,0,0,0,0,0,0,9,上西嵐満,3,大木惇司,6,船山貴大,4,高垣鋭次,7,有住隆哉,D,中村誠,8,宮木紳道,5,松下雄大,2,馬場龍星,松本航,8,石井雄也,7,井橋俊貴,6,五十嵐雅大,D,中村士朗,9,楢原一帆,4,片岡優斗,3,高橋啓太,5,山本司,2,徳田優大,土井大輝,左,,右,,右,,右,,左,,右,,左,,右,,右,,右,,右,,左,,右,,左,,左,,右,,右,,左,,右,,右,,0,1,1,0,1,0,,,,,,,,,,,0,0,0,1,0,,,,,,,,,,,,,,,,,,,高橋啓太,片岡優斗,山本司,五十嵐雅大,井橋俊貴,石井雄也,楢原一帆,,,,,,,,,0,
2018/4/1 11:51,春季,リーグ戦,1,1,1,,桜美林大学,日本体育大学,170,6,表,3,1,2,0,1,打席継続,イニング継続,試合継続,0,0,0,0,0,0,6,中村誠,右,0,0,0,土井大輝,右,87,徳田優大,0,0,0,0,投球,19,226.55,223.75,スライダー,ボール,0,0,0,0,0,0,0,0,0,0,118,9,上西嵐満,3,大木惇司,6,船山貴大,4,高垣鋭次,7,有住隆哉,D,中村誠,8,宮木紳道,5,松下雄大,2,馬場龍星,松本航,8,石井雄也,7,井橋俊貴,6,五十嵐雅大,D,中村士朗,9,楢原一帆,4,片岡優斗,3,高橋啓太,5,山本司,2,徳田優大,土井大輝,左,,右,,右,,右,,左,,右,,左,,右,,右,,右,,右,,左,,右,,左,,左,,右,,右,,左,,右,,右,,0,1,1,0,1,0,,,,,,,,,,,0,0,0,1,0,,,,,,,,,,,,,,,,,,,高橋啓太,片岡優斗,山本司,五十嵐雅大,井橋俊貴,石井雄也,楢原一帆,,,,,,,,,0,
2018/4/1 11:52,春季,リーグ戦,1,1,1,,桜美林大学,日本体育大学,171,6,表,3,1,2,1,1,打席完了,イニング継続,試合継続,0,0,0,0,0,0,6,中村誠,右,0,0,0,土井大輝,右,88,徳田優大,0,0,0,出塁,投球,19,154.55,165,スライダー,単打,0,8,ライナー,0,129.9,93.35,0,0,0,0,123,9,上西嵐満,3,大木惇司,6,船山貴大,4,高垣鋭次,7,有住隆哉,D,中村誠,8,宮木紳道,5,松下雄大,2,馬場龍星,松本航,8,石井雄也,7,井橋俊貴,6,五十嵐雅大,D,中村士朗,9,楢原一帆,4,片岡優斗,3,高橋啓太,5,山本司,2,徳田優大,土井大輝,左,,右,,右,,右,,左,,右,,左,,右,,右,,右,,右,,左,,右,,左,,左,,右,,右,,左,,右,,右,,0,1,1,0,1,0,,,,,,,,,,,0,0,0,1,0,,,,,,,,,,,,,,,,,,,高橋啓太,片岡優斗,山本司,五十嵐雅大,井橋俊貴,石井雄也,楢原一帆,,,,,,,,,0,
2018/4/1 11:52,春季,リーグ戦,1,1,1,,桜美林大学,日本体育大学,172,6,表,3,1,0,0,1,打席継続,イニング継続,試合継続,6,中村誠,0,0,0,0,7,宮木紳道,左,0,0,0,土井大輝,右,89,徳田優大,継続,0,0,0,投球,17,91.75,185.55,チェンジ,見逃し,0,0,0,0,0,0,0,0,0,0,118,9,上西嵐満,3,大木惇司,6,船山貴大,4,高垣鋭次,7,有住隆哉,D,中村誠,8,宮木紳道,5,松下雄大,2,馬場龍星,松本航,8,石井雄也,7,井橋俊貴,6,五十嵐雅大,D,中村士朗,9,楢原一帆,4,片岡優斗,3,高橋啓太,5,山本司,2,徳田優大,土井大輝,左,,右,,右,,右,,左,,右,,左,,右,,右,,右,,右,,左,,右,,左,,左,,右,,右,,左,,右,,右,,0,1,1,0,1,0,,,,,,,,,,,0,0,0,1,0,,,,,,,,,,,,,,,,,,,高橋啓太,片岡優斗,山本司,五十嵐雅大,井橋俊貴,石井雄也,楢原一帆,,,,,,,,,クイック,
2018/4/1 11:52,春季,リーグ戦,1,1,1,,桜美林大学,日本体育大学,173,6,表,3,1,1,0,1,打席継続,イニング継続,試合継続,6,中村誠,0,0,0,0,7,宮木紳道,左,0,0,0,土井大輝,右,90,徳田優大,継続,0,0,0,投球,19,169.45,97.4,ストレート,ファール,0,0,カット,0,130.25,223.45,0,0,0,0,131,9,上西嵐満,3,大木惇司,6,船山貴大,4,高垣鋭次,7,有住隆哉,D,中村誠,8,宮木紳道,5,松下雄大,2,馬場龍星,松本航,8,石井雄也,7,井橋俊貴,6,五十嵐雅大,D,中村士朗,9,楢原一帆,4,片岡優斗,3,高橋啓太,5,山本司,2,徳田優大,土井大輝,左,,右,,右,,右,,左,,右,,左,,右,,右,,右,,右,,左,,右,,左,,左,,右,,右,,左,,右,,右,,0,1,1,0,1,0,,,,,,,,,,,0,0,0,1,0,,,,,,,,,,,,,,,,,,,高橋啓太,片岡優斗,山本司,五十嵐雅大,井橋俊貴,石井雄也,楢原一帆,,,,,,,,,クイック,
2018/4/1 11:52,春季,リーグ戦,1,1,1,,桜美林大学,日本体育大学,174,6,表,3,1,2,0,1,打席継続,イニング継続,試合継続,6,中村誠,0,0,0,0,7,宮木紳道,左,0,0,0,土井大輝,右,91,徳田優大,継続,0,0,0,投球,17,24.15,141.25,ツーシーム,ボール,0,0,0,0,0,0,0,0,0,0,126,9,上西嵐満,3,大木惇司,6,船山貴大,4,高垣鋭次,7,有住隆哉,D,中村誠,8,宮木紳道,5,松下雄大,2,馬場龍星,松本航,8,石井雄也,7,井橋俊貴,6,五十嵐雅大,D,中村士朗,9,楢原一帆,4,片岡優斗,3,高橋啓太,5,山本司,2,徳田優大,土井大輝,左,,右,,右,,右,,左,,右,,左,,右,,右,,右,,右,,左,,右,,左,,左,,右,,右,,左,,右,,右,,0,1,1,0,1,0,,,,,,,,,,,0,0,0,1,0,,,,,,,,,,,,,,,,,,,高橋啓太,片岡優斗,山本司,五十嵐雅大,井橋俊貴,石井雄也,楢原一帆,,,,,,,,,クイック,
2018/4/1 11:53,春季,リーグ戦,1,1,1,,桜美林大学,日本体育大学,175,6,表,3,1,2,1,1,打席完了,イニング継続,試合継続,6,中村誠,0,0,0,0,7,宮木紳道,左,0,0,0,土井大輝,右,92,徳田優大,継続,0,0,アウト,投球,17,130.4,169.8,チェンジ,ファールフライ,0,2,フライ,0,112.75,223.45,0,0,0,0,118,9,上西嵐満,3,大木惇司,6,船山貴大,4,高垣鋭次,7,有住隆哉,D,中村誠,8,宮木紳道,5,松下雄大,2,馬場龍星,松本航,8,石井雄也,7,井橋俊貴,6,五十嵐雅大,D,中村士朗,9,楢原一帆,4,片岡優斗,3,高橋啓太,5,山本司,2,徳田優大,土井大輝,左,,右,,右,,右,,左,,右,,左,,右,,右,,右,,右,,左,,右,,左,,左,,右,,右,,左,,右,,右,,0,1,1,0,1,0,,,,,,,,,,,0,0,0,1,0,,,,,,,,,,,,,,,,,,,高橋啓太,片岡優斗,山本司,五十嵐雅大,井橋俊貴,石井雄也,楢原一帆,,,,,,,,,クイック,
2018/4/1 11:53,春季,リーグ戦,1,1,1,,桜美林大学,日本体育大学,176,6,表,3,1,0,0,2,打席継続,イニング継続,試合継続,6,中村誠,0,0,0,0,8,松下雄大,右,0,0,0,土井大輝,右,93,徳田優大,継続,0,0,0,牽制,0,0,0,0,0,0,0,0,0,0,0,一塁牽制,ターン,0,0,0,9,上西嵐満,3,大木惇司,6,船山貴大,4,高垣鋭次,7,有住隆哉,D,中村誠,8,宮木紳道,5,松下雄大,2,馬場龍星,松本航,8,石井雄也,7,井橋俊貴,6,五十嵐雅大,D,中村士朗,9,楢原一帆,4,片岡優斗,3,高橋啓太,5,山本司,2,徳田優大,土井大輝,左,,右,,右,,右,,左,,右,,左,,右,,右,,右,,右,,左,,右,,左,,左,,右,,右,,左,,右,,右,,0,1,1,0,1,0,,,,,,,,,,,0,0,0,1,0,,,,,,,,,,,,,,,,,,,高橋啓太,片岡優斗,山本司,五十嵐雅大,井橋俊貴,石井雄也,楢原一帆,,,,,,,,,クイック,
2018/4/1 11:54,春季,リーグ戦,1,1,1,,桜美林大学,日本体育大学,177,6,表,3,1,0,0,2,打席完了,イニング完了,試合継続,6,中村誠,0,0,0,0,8,松下雄大,右,0,0,0,土井大輝,右,93,徳田優大,残留,0,0,アウト,投球,19,169.05,104.25,ストレート,凡打死,0,4,フライ,0,167.35,140.55,0,0,0,0,0,9,上西嵐満,3,大木惇司,6,船山貴大,4,高垣鋭次,7,有住隆哉,D,中村誠,8,宮木紳道,5,松下雄大,2,馬場龍星,松本航,8,石井雄也,7,井橋俊貴,6,五十嵐雅大,D,中村士朗,9,楢原一帆,4,片岡優斗,3,高橋啓太,5,山本司,2,徳田優大,土井大輝,左,,右,,右,,右,,左,,右,,左,,右,,右,,右,,右,,左,,右,,左,,左,,右,,右,,左,,右,,右,,0,1,1,0,1,0,,,,,,,,,,,0,0,0,1,0,,,,,,,,,,,,,,,,,,,高橋啓太,片岡優斗,山本司,五十嵐雅大,井橋俊貴,石井雄也,楢原一帆,,,,,,,,,クイック,
2018/4/1 11:55,春季,リーグ戦,1,1,1,,桜美林大学,日本体育大学,178,6,裏,3,1,0,0,0,打席継続,イニング開始,試合継続,0,0,0,0,0,0,1,石井雄也,右,0,0,0,松本航,右,75,馬場龍星,0,0,0,0,投球,19,230.15,243.85,カット,ボール,0,0,0,0,0,0,0,0,0,0,133,9,上西嵐満,3,大木惇司,6,船山貴大,4,高垣鋭次,7,有住隆哉,D,中村誠,8,宮木紳道,5,松下雄大,2,馬場龍星,松本航,8,石井雄也,7,井橋俊貴,6,五十嵐雅大,D,中村士朗,9,楢原一帆,4,片岡優斗,3,高橋啓太,5,山本司,2,徳田優大,土井大輝,左,,右,,右,,右,,左,,右,,左,,右,,右,,右,,右,,左,,右,,左,,左,,右,,右,,左,,右,,右,,0,1,1,0,1,0,0,,,,,,,,,,0,0,0,1,0,,,,,,,,,,,,,,,,,,,大木敦司,高垣鋭次,松下雄大,船山貴大,有住隆哉,宮木紳道,上西嵐満,,,,,,,,,0,
2018/4/1 11:56,春季,リーグ戦,1,1,1,,桜美林大学,日本体育大学,179,6,裏,3,1,0,1,0,打席完了,イニング継続,試合継続,0,0,0,0,0,0,1,石井雄也,右,0,0,0,松本航,右,76,馬場龍星,0,0,0,アウト,投球,19,193.6,145.65,ストレート,凡打死,0,5,ゴロ,0,104.35,166.45,0,0,0,0,138,9,上西嵐満,3,大木惇司,6,船山貴大,4,高垣鋭次,7,有住隆哉,D,中村誠,8,宮木紳道,5,松下雄大,2,馬場龍星,松本航,8,石井雄也,7,井橋俊貴,6,五十嵐雅大,D,中村士朗,9,楢原一帆,4,片岡優斗,3,高橋啓太,5,山本司,2,徳田優大,土井大輝,左,,右,,右,,右,,左,,右,,左,,右,,右,,右,,右,,左,,右,,左,,左,,右,,右,,左,,右,,右,,0,1,1,0,1,0,0,,,,,,,,,,0,0,0,1,0,,,,,,,,,,,,,,,,,,,大木敦司,高垣鋭次,松下雄大,船山貴大,有住隆哉,宮木紳道,上西嵐満,,,,,,,,,0,
2018/4/1 11:56,春季,リーグ戦,1,1,1,,桜美林大学,日本体育大学,180,6,裏,3,1,0,0,1,打席完了,イニング継続,試合継続,0,0,0,0,0,0,2,井橋俊貴,左,0,0,0,松本航,右,77,馬場龍星,0,0,0,アウト,投球,17,115.9,91.75,カット,凡打死,0,4,ゴロ,0,163.15,147.2,0,0,0,0,132,9,上西嵐満,3,大木惇司,6,船山貴大,4,高垣鋭次,7,有住隆哉,D,中村誠,8,宮木紳道,5,松下雄大,2,馬場龍星,松本航,8,石井雄也,7,井橋俊貴,6,五十嵐雅大,D,中村士朗,9,楢原一帆,4,片岡優斗,3,高橋啓太,5,山本司,2,徳田優大,土井大輝,左,,右,,右,,右,,左,,右,,左,,右,,右,,右,,右,,左,,右,,左,,左,,右,,右,,左,,右,,右,,0,1,1,0,1,0,0,,,,,,,,,,0,0,0,1,0,,,,,,,,,,,,,,,,,,,大木敦司,高垣鋭次,松下雄大,船山貴大,有住隆哉,宮木紳道,上西嵐満,,,,,,,,,0,
2018/4/1 11:57,春季,リーグ戦,1,1,1,,桜美林大学,日本体育大学,181,6,裏,3,1,0,0,2,打席継続,イニング継続,試合継続,0,0,0,0,0,0,3,五十嵐雅大,右,0,0,0,松本航,右,78,馬場龍星,0,0,0,0,投球,19,194.35,140.05,カーブ,見逃し,0,0,0,0,0,0,0,0,0,0,112,9,上西嵐満,3,大木惇司,6,船山貴大,4,高垣鋭次,7,有住隆哉,D,中村誠,8,宮木紳道,5,松下雄大,2,馬場龍星,松本航,8,石井雄也,7,井橋俊貴,6,五十嵐雅大,D,中村士朗,9,楢原一帆,4,片岡優斗,3,高橋啓太,5,山本司,2,徳田優大,土井大輝,左,,右,,右,,右,,左,,右,,左,,右,,右,,右,,右,,左,,右,,左,,左,,右,,右,,左,,右,,右,,0,1,1,0,1,0,0,,,,,,,,,,0,0,0,1,0,,,,,,,,,,,,,,,,,,,大木敦司,高垣鋭次,松下雄大,船山貴大,有住隆哉,宮木紳道,上西嵐満,,,,,,,,,0,
2018/4/1 11:57,春季,リーグ戦,1,1,1,,桜美林大学,日本体育大学,182,6,裏,3,1,1,0,2,打席継続,イニング継続,試合継続,0,0,0,0,0,0,3,五十嵐雅大,右,0,0,0,松本航,右,79,馬場龍星,0,0,0,0,投球,19,222.95,179.5,ストレート,ボール,0,0,0,0,0,0,0,0,0,0,0,9,上西嵐満,3,大木惇司,6,船山貴大,4,高垣鋭次,7,有住隆哉,D,中村誠,8,宮木紳道,5,松下雄大,2,馬場龍星,松本航,8,石井雄也,7,井橋俊貴,6,五十嵐雅大,D,中村士朗,9,楢原一帆,4,片岡優斗,3,高橋啓太,5,山本司,2,徳田優大,土井大輝,左,,右,,右,,右,,左,,右,,左,,右,,右,,右,,右,,左,,右,,左,,左,,右,,右,,左,,右,,右,,0,1,1,0,1,0,0,,,,,,,,,,0,0,0,1,0,,,,,,,,,,,,,,,,,,,大木敦司,高垣鋭次,松下雄大,船山貴大,有住隆哉,宮木紳道,上西嵐満,,,,,,,,,0,
2018/4/1 11:57,春季,リーグ戦,1,1,1,,桜美林大学,日本体育大学,183,6,裏,3,1,1,1,2,打席継続,イニング継続,試合継続,0,0,0,0,0,0,3,五十嵐雅大,右,0,0,0,松本航,右,80,馬場龍星,0,0,0,0,投球,17,72.85,160.15,ツーシーム,ファール,0,0,カット,0,130.25,230.45,0,0,0,0,133,9,上西嵐満,3,大木惇司,6,船山貴大,4,高垣鋭次,7,有住隆哉,D,中村誠,8,宮木紳道,5,松下雄大,2,馬場龍星,松本航,8,石井雄也,7,井橋俊貴,6,五十嵐雅大,D,中村士朗,9,楢原一帆,4,片岡優斗,3,高橋啓太,5,山本司,2,徳田優大,土井大輝,左,,右,,右,,右,,左,,右,,左,,右,,右,,右,,右,,左,,右,,左,,左,,右,,右,,左,,右,,右,,0,1,1,0,1,0,0,,,,,,,,,,0,0,0,1,0,,,,,,,,,,,,,,,,,,,大木敦司,高垣鋭次,松下雄大,船山貴大,有住隆哉,宮木紳道,上西嵐満,,,,,,,,,0,
2018/4/1 11:57,春季,リーグ戦,1,1,1,,桜美林大学,日本体育大学,184,6,裏,3,1,2,1,2,打席継続,イニング継続,試合継続,0,0,0,0,0,0,3,五十嵐雅大,右,0,0,0,松本航,右,81,馬場龍星,0,0,0,0,投球,19,217.3,242.65,ストレート,ボール,0,0,0,0,0,0,0,0,0,0,138,9,上西嵐満,3,大木惇司,6,船山貴大,4,高垣鋭次,7,有住隆哉,D,中村誠,8,宮木紳道,5,松下雄大,2,馬場龍星,松本航,8,石井雄也,7,井橋俊貴,6,五十嵐雅大,D,中村士朗,9,楢原一帆,4,片岡優斗,3,高橋啓太,5,山本司,2,徳田優大,土井大輝,左,,右,,右,,右,,左,,右,,左,,右,,右,,右,,右,,左,,右,,左,,左,,右,,右,,左,,右,,右,,0,1,1,0,1,0,0,,,,,,,,,,0,0,0,1,0,,,,,,,,,,,,,,,,,,,大木敦司,高垣鋭次,松下雄大,船山貴大,有住隆哉,宮木紳道,上西嵐満,,,,,,,,,0,
2018/4/1 11:58,春季,リーグ戦,1,1,1,,桜美林大学,日本体育大学,185,6,裏,3,1,2,2,2,打席完了,イニング完了,試合継続,0,0,0,0,0,0,3,五十嵐雅大,右,0,0,0,松本航,右,82,馬場龍星,0,0,0,アウト,投球,19,156.95,156.95,ストレート,凡打死,0,9,フライ,0,193.95,126.25,0,0,0,0,0,9,上西嵐満,3,大木惇司,6,船山貴大,4,高垣鋭次,7,有住隆哉,D,中村誠,8,宮木紳道,5,松下雄大,2,馬場龍星,松本航,8,石井雄也,7,井橋俊貴,6,五十嵐雅大,D,中村士朗,9,楢原一帆,4,片岡優斗,3,高橋啓太,5,山本司,2,徳田優大,土井大輝,左,,右,,右,,右,,左,,右,,左,,右,,右,,右,,右,,左,,右,,左,,左,,右,,右,,左,,右,,右,,0,1,1,0,1,0,0,,,,,,,,,,0,0,0,1,0,,,,,,,,,,,,,,,,,,,大木敦司,高垣鋭次,松下雄大,船山貴大,有住隆哉,宮木紳道,上西嵐満,,,,,,,,,0,
2018/4/1 11:59,春季,リーグ戦,1,1,1,,桜美林大学,日本体育大学,186,7,表,3,1,0,0,0,打席継続,イニング開始,試合継続,0,0,0,0,0,0,9,馬場龍星,右,0,0,0,土井大輝,右,94,徳田優大,0,0,0,0,交代,0,0,0,0,0,0,0,0,0,0,0,0,0,0,0,0,9,上西嵐満,3,大木惇司,6,船山貴大,4,高垣鋭次,7,有住隆哉,D,中村誠,8,宮木紳道,5,松下雄大,2,馬場龍星,松本航,8,石井雄也,7,井橋俊貴,6,五十嵐雅大,D,中村士朗,9,楢原一帆,4,片岡優斗,3,高橋啓太,5,山本司,2,徳田優大,秋山由樹,左,,右,,右,,右,,左,,右,,左,,右,,右,,右,,右,,左,,右,,左,,左,,右,,右,,左,,右,,右,,0,1,1,0,1,0,0,,,,,,,,,,0,0,0,1,0,0,,,,,,,,,,,,,,,,,,高橋啓太,片岡優斗,山本司,五十嵐雅大,井橋俊貴,石井雄也,楢原一帆,,,,,,,,,0,
2018/4/1 11:59,春季,リーグ戦,1,1,1,,桜美林大学,日本体育大学,187,7,表,3,1,0,0,0,打席継続,イニング継続,試合継続,0,0,0,0,0,0,9,馬場龍星,右,0,0,0,秋山由樹,右,1,徳田優大,0,0,0,0,投球,19,192.35,179.5,スライダー,見逃し,0,0,0,0,0,0,0,0,0,0,113,9,上西嵐満,3,大木惇司,6,船山貴大,4,高垣鋭次,7,有住隆哉,D,中村誠,8,宮木紳道,5,松下雄大,2,馬場龍星,松本航,8,石井雄也,7,井橋俊貴,6,五十嵐雅大,D,中村士朗,9,楢原一帆,4,片岡優斗,3,高橋啓太,5,山本司,2,徳田優大,秋山由樹,左,,右,,右,,右,,左,,右,,左,,右,,右,,右,,右,,左,,右,,左,,左,,右,,右,,左,,右,,右,,0,1,1,0,1,0,0,,,,,,,,,,0,0,0,1,0,0,,,,,,,,,,,,,,,,,,高橋啓太,片岡優斗,山本司,五十嵐雅大,井橋俊貴,石井雄也,楢原一帆,,,,,,,,,0,
2018/4/1 12:00,春季,リーグ戦,1,1,1,,桜美林大学,日本体育大学,188,7,表,3,1,1,0,0,打席完了,イニング継続,試合継続,0,0,0,0,0,0,9,馬場龍星,右,0,0,0,秋山由樹,右,2,徳田優大,0,0,0,アウト,投球,19,169.05,152.55,スライダー,凡打死,0,4,ゴロ,0,158.95,140.2,0,0,0,0,110,9,上西嵐満,3,大木惇司,6,船山貴大,4,高垣鋭次,7,有住隆哉,D,中村誠,8,宮木紳道,5,松下雄大,2,馬場龍星,松本航,8,石井雄也,7,井橋俊貴,6,五十嵐雅大,D,中村士朗,9,楢原一帆,4,片岡優斗,3,高橋啓太,5,山本司,2,徳田優大,秋山由樹,左,,右,,右,,右,,左,,右,,左,,右,,右,,右,,右,,左,,右,,左,,左,,右,,右,,左,,右,,右,,0,1,1,0,1,0,0,,,,,,,,,,0,0,0,1,0,0,,,,,,,,,,,,,,,,,,高橋啓太,片岡優斗,山本司,五十嵐雅大,井橋俊貴,石井雄也,楢原一帆,,,,,,,,,0,
2018/4/1 12:00,春季,リーグ戦,1,1,1,,桜美林大学,日本体育大学,189,7,表,3,1,0,0,1,打席継続,イニング継続,試合継続,0,0,0,0,0,0,1,上西嵐満,左,0,0,0,秋山由樹,右,3,徳田優大,0,0,0,0,投球,17,37.4,152.95,ストレート,ボール,0,0,0,0,0,0,0,0,0,0,133,9,上西嵐満,3,大木惇司,6,船山貴大,4,高垣鋭次,7,有住隆哉,D,中村誠,8,宮木紳道,5,松下雄大,2,馬場龍星,松本航,8,石井雄也,7,井橋俊貴,6,五十嵐雅大,D,中村士朗,9,楢原一帆,4,片岡優斗,3,高橋啓太,5,山本司,2,徳田優大,秋山由樹,左,,右,,右,,右,,左,,右,,左,,右,,右,,右,,右,,左,,右,,左,,左,,右,,右,,左,,右,,右,,0,1,1,0,1,0,0,,,,,,,,,,0,0,0,1,0,0,,,,,,,,,,,,,,,,,,高橋啓太,片岡優斗,山本司,五十嵐雅大,井橋俊貴,石井雄也,楢原一帆,,,,,,,,,0,
2018/4/1 12:00,春季,リーグ戦,1,1,1,,桜美林大学,日本体育大学,190,7,表,3,1,0,1,1,打席継続,イニング継続,試合継続,0,0,0,0,0,0,1,上西嵐満,左,0,0,0,秋山由樹,右,4,徳田優大,0,0,0,0,投球,17,166.2,231.4,スライダー,ボール,0,0,0,0,0,0,0,0,0,0,114,9,上西嵐満,3,大木惇司,6,船山貴大,4,高垣鋭次,7,有住隆哉,D,中村誠,8,宮木紳道,5,松下雄大,2,馬場龍星,松本航,8,石井雄也,7,井橋俊貴,6,五十嵐雅大,D,中村士朗,9,楢原一帆,4,片岡優斗,3,高橋啓太,5,山本司,2,徳田優大,秋山由樹,左,,右,,右,,右,,左,,右,,左,,右,,右,,右,,右,,左,,右,,左,,左,,右,,右,,左,,右,,右,,0,1,1,0,1,0,0,,,,,,,,,,0,0,0,1,0,0,,,,,,,,,,,,,,,,,,高橋啓太,片岡優斗,山本司,五十嵐雅大,井橋俊貴,石井雄也,楢原一帆,,,,,,,,,0,
2018/4/1 12:00,春季,リーグ戦,1,1,1,,桜美林大学,日本体育大学,191,7,表,3,1,0,2,1,打席継続,イニング継続,試合継続,0,0,0,0,0,0,1,上西嵐満,左,0,0,0,秋山由樹,右,5,徳田優大,0,0,0,0,投球,17,64,145.3,ストレート,ファール,0,0,カット,0,106.05,226.9,0,0,0,0,133,9,上西嵐満,3,大木惇司,6,船山貴大,4,高垣鋭次,7,有住隆哉,D,中村誠,8,宮木紳道,5,松下雄大,2,馬場龍星,松本航,8,石井雄也,7,井橋俊貴,6,五十嵐雅大,D,中村士朗,9,楢原一帆,4,片岡優斗,3,高橋啓太,5,山本司,2,徳田優大,秋山由樹,左,,右,,右,,右,,左,,右,,左,,右,,右,,右,,右,,左,,右,,左,,左,,右,,右,,左,,右,,右,,0,1,1,0,1,0,0,,,,,,,,,,0,0,0,1,0,0,,,,,,,,,,,,,,,,,,高橋啓太,片岡優斗,山本司,五十嵐雅大,井橋俊貴,石井雄也,楢原一帆,,,,,,,,,0,
2018/4/1 12:01,春季,リーグ戦,1,1,1,,桜美林大学,日本体育大学,192,7,表,3,1,1,2,1,打席継続,イニング継続,試合継続,0,0,0,0,0,0,1,上西嵐満,左,0,0,0,秋山由樹,右,6,徳田優大,0,0,0,0,投球,17,94.15,31.4,スライダー,ボール,0,0,0,0,0,0,0,0,0,0,112,9,上西嵐満,3,大木惇司,6,船山貴大,4,高垣鋭次,7,有住隆哉,D,中村誠,8,宮木紳道,5,松下雄大,2,馬場龍星,松本航,8,石井雄也,7,井橋俊貴,6,五十嵐雅大,D,中村士朗,9,楢原一帆,4,片岡優斗,3,高橋啓太,5,山本司,2,徳田優大,秋山由樹,左,,右,,右,,右,,左,,右,,左,,右,,右,,右,,右,,左,,右,,左,,左,,右,,右,,左,,右,,右,,0,1,1,0,1,0,0,,,,,,,,,,0,0,0,1,0,0,,,,,,,,,,,,,,,,,,高橋啓太,片岡優斗,山本司,五十嵐雅大,井橋俊貴,石井雄也,楢原一帆,,,,,,,,,0,
2018/4/1 12:01,春季,リーグ戦,1,1,1,,桜美林大学,日本体育大学,193,7,表,3,1,1,3,1,打席完了,イニング継続,試合継続,0,0,0,0,0,0,1,上西嵐満,左,0,0,0,秋山由樹,右,7,徳田優大,0,0,0,出塁,投球,17,26.15,39.45,ストレート,四球,0,0,0,0,0,0,0,0,0,0,128,9,上西嵐満,3,大木惇司,6,船山貴大,4,高垣鋭次,7,有住隆哉,D,中村誠,8,宮木紳道,5,松下雄大,2,馬場龍星,松本航,8,石井雄也,7,井橋俊貴,6,五十嵐雅大,D,中村士朗,9,楢原一帆,4,片岡優斗,3,高橋啓太,5,山本司,2,徳田優大,秋山由樹,左,,右,,右,,右,,左,,右,,左,,右,,右,,右,,右,,左,,右,,左,,左,,右,,右,,左,,右,,右,,0,1,1,0,1,0,0,,,,,,,,,,0,0,0,1,0,0,,,,,,,,,,,,,,,,,,高橋啓太,片岡優斗,山本司,五十嵐雅大,井橋俊貴,石井雄也,楢原一帆,,,,,,,,,0,
2018/4/1 12:01,春季,リーグ戦,1,1,1,,桜美林大学,日本体育大学,194,7,表,3,1,0,0,1,打席継続,イニング継続,試合継続,1,上西嵐満,0,0,0,0,2,大木惇司,右,0,0,0,秋山由樹,右,8,徳田優大,継続,0,0,0,牽制,0,0,0,0,0,0,0,0,0,0,0,一塁牽制,速ターン,0,0,0,9,上西嵐満,3,大木惇司,6,船山貴大,4,高垣鋭次,7,有住隆哉,D,中村誠,8,宮木紳道,5,松下雄大,2,馬場龍星,松本航,8,石井雄也,7,井橋俊貴,6,五十嵐雅大,D,中村士朗,9,楢原一帆,4,片岡優斗,3,高橋啓太,5,山本司,2,徳田優大,秋山由樹,左,,右,,右,,右,,左,,右,,左,,右,,右,,右,,右,,左,,右,,左,,左,,右,,右,,左,,右,,右,,0,1,1,0,1,0,0,,,,,,,,,,0,0,0,1,0,0,,,,,,,,,,,,,,,,,,高橋啓太,片岡優斗,山本司,五十嵐雅大,井橋俊貴,石井雄也,楢原一帆,,,,,,,,,クイック,
2018/4/1 12:02,春季,リーグ戦,1,1,1,,桜美林大学,日本体育大学,195,7,表,3,1,0,0,1,打席継続,イニング継続,試合継続,1,上西嵐満,0,0,0,0,2,大木惇司,右,5盗塁,盗塁,成功,秋山由樹,右,8,徳田優大,二進,0,0,0,投球,19,169.8,200.8,ストレート,見逃し,0,0,0,0,0,0,0,0,0,0,130,9,上西嵐満,3,大木惇司,6,船山貴大,4,高垣鋭次,7,有住隆哉,D,中村誠,8,宮木紳道,5,松下雄大,2,馬場龍星,松本航,8,石井雄也,7,井橋俊貴,6,五十嵐雅大,D,中村士朗,9,楢原一帆,4,片岡優斗,3,高橋啓太,5,山本司,2,徳田優大,秋山由樹,左,,右,,右,,右,,左,,右,,左,,右,,右,,右,,右,,左,,右,,左,,左,,右,,右,,左,,右,,右,,0,1,1,0,1,0,0,,,,,,,,,,0,0,0,1,0,0,,,,,,,,,,,,,,,,,,高橋啓太,片岡優斗,山本司,五十嵐雅大,井橋俊貴,石井雄也,楢原一帆,,,,,,,,,クイック,
2018/4/1 12:02,春季,リーグ戦,1,1,1,,桜美林大学,日本体育大学,196,7,表,3,1,1,0,1,打席継続,イニング継続,試合継続,0,0,1,上西嵐満,0,0,2,大木惇司,右,0,0,0,秋山由樹,右,9,徳田優大,0,継続,0,0,投球,19,233.8,245.1,カーブ,ボール,0,0,0,0,0,0,0,0,0,0,101,9,上西嵐満,3,大木惇司,6,船山貴大,4,高垣鋭次,7,有住隆哉,D,中村誠,8,宮木紳道,5,松下雄大,2,馬場龍星,松本航,8,石井雄也,7,井橋俊貴,6,五十嵐雅大,D,中村士朗,9,楢原一帆,4,片岡優斗,3,高橋啓太,5,山本司,2,徳田優大,秋山由樹,左,,右,,右,,右,,左,,右,,左,,右,,右,,右,,右,,左,,右,,左,,左,,右,,右,,左,,右,,右,,0,1,1,0,1,0,0,,,,,,,,,,0,0,0,1,0,0,,,,,,,,,,,,,,,,,,高橋啓太,片岡優斗,山本司,五十嵐雅大,井橋俊貴,石井雄也,楢原一帆,,,,,,,,,0,
2018/4/1 12:03,春季,リーグ戦,1,1,1,,桜美林大学,日本体育大学,197,7,表,3,1,1,1,1,打席継続,イニング継続,試合継続,0,0,1,上西嵐満,0,0,2,大木惇司,右,0,0,0,秋山由樹,右,10,徳田優大,0,継続,0,0,投球,19,196.4,182.7,スライダー,見逃し,0,0,0,0,0,0,0,0,0,0,117,9,上西嵐満,3,大木惇司,6,船山貴大,4,高垣鋭次,7,有住隆哉,D,中村誠,8,宮木紳道,5,松下雄大,2,馬場龍星,松本航,8,石井雄也,7,井橋俊貴,6,五十嵐雅大,D,中村士朗,9,楢原一帆,4,片岡優斗,3,高橋啓太,5,山本司,2,徳田優大,秋山由樹,左,,右,,右,,右,,左,,右,,左,,右,,右,,右,,右,,左,,右,,左,,左,,右,,右,,左,,右,,右,,0,1,1,0,1,0,0,,,,,,,,,,0,0,0,1,0,0,,,,,,,,,,,,,,,,,,高橋啓太,片岡優斗,山本司,五十嵐雅大,井橋俊貴,石井雄也,楢原一帆,,,,,,,,,0,
2018/4/1 12:03,春季,リーグ戦,1,1,1,,桜美林大学,日本体育大学,198,7,表,3,1,2,1,1,打席継続,イニング継続,試合継続,0,0,1,上西嵐満,0,0,2,大木惇司,右,0,0,0,秋山由樹,右,11,徳田優大,0,継続,0,0,投球,19,235,48.3,ストレート,ボール,0,0,0,0,0,0,0,0,0,0,135,9,上西嵐満,3,大木惇司,6,船山貴大,4,高垣鋭次,7,有住隆哉,D,中村誠,8,宮木紳道,5,松下雄大,2,馬場龍星,松本航,8,石井雄也,7,井橋俊貴,6,五十嵐雅大,D,中村士朗,9,楢原一帆,4,片岡優斗,3,高橋啓太,5,山本司,2,徳田優大,秋山由樹,左,,右,,右,,右,,左,,右,,左,,右,,右,,右,,右,,左,,右,,左,,左,,右,,右,,左,,右,,右,,0,1,1,0,1,0,0,,,,,,,,,,0,0,0,1,0,0,,,,,,,,,,,,,,,,,,高橋啓太,片岡優斗,山本司,五十嵐雅大,井橋俊貴,石井雄也,楢原一帆,,,,,,,,,0,
2018/4/1 12:03,春季,リーグ戦,1,1,1,,桜美林大学,日本体育大学,199,7,表,3,1,2,2,1,打席継続,イニング継続,試合継続,0,0,1,上西嵐満,0,0,2,大木惇司,右,0,0,0,秋山由樹,右,12,徳田優大,0,継続,0,0,牽制,0,0,0,0,0,0,0,0,0,0,0,二塁牽制,６一発,0,0,0,9,上西嵐満,3,大木惇司,6,船山貴大,4,高垣鋭次,7,有住隆哉,D,中村誠,8,宮木紳道,5,松下雄大,2,馬場龍星,松本航,8,石井雄也,7,井橋俊貴,6,五十嵐雅大,D,中村士朗,9,楢原一帆,4,片岡優斗,3,高橋啓太,5,山本司,2,徳田優大,秋山由樹,左,,右,,右,,右,,左,,右,,左,,右,,右,,右,,右,,左,,右,,左,,左,,右,,右,,左,,右,,右,,0,1,1,0,1,0,0,,,,,,,,,,0,0,0,1,0,0,,,,,,,,,,,,,,,,,,高橋啓太,片岡優斗,山本司,五十嵐雅大,井橋俊貴,石井雄也,楢原一帆,,,,,,,,,0,